dataset,model_name,query_id,query,needs_review,hit@1,hit@3,hit@5,hit@10,precision@5,recall@5,mrr@10,latency_ms,top_10_log_ids,positive_log_ids
hdfs,bm25,hdfs_q001,Có lỗi nào khi DataNode phục vụ block không?,False,0.0,0.0,0.0,0.0,0.0,0.0,0.0,2.6292,"[""hdfs:24d48b4b64d97fe1c5d5"", ""hdfs:cf00e39992efee4affd6"", ""hdfs:a3360502d99727666b79"", ""hdfs:a1b39cb6f0787eb54ac1"", ""hdfs:bef0a9703b65d0b0bdc2"", ""hdfs:de14de8b2327c5eaff07"", ""hdfs:349e63b558aaed80c62f"", ""hdfs:423c95ad52d3ab3b97fe"", ""hdfs:ac182cdf11f1c01787ed"", ""hdfs:ed8014018a145adba805""]","[""hdfs:04b99e42ebaf83ea9c76"", ""hdfs:0e02810dc7f11459212d"", ""hdfs:158444161bb2427e1d8f"", ""hdfs:2e52b0d6d0226ba45cfb"", ""hdfs:2f040443abfbf1c054ef"", ""hdfs:421ac358413e4e16f22a"", ""hdfs:43ebc455948587c6c0be"", ""hdfs:48c4f89f45e5031d4d59"", ""hdfs:4c72e1a9761d95f4f0db"", ""hdfs:6605d52c85e8a1fcb1c2"", ""hdfs:746a2e37ff4ee7be97de"", ""hdfs:7deb86e453c40b03d5aa"", ""hdfs:89ee1dc1f52de1cf5770"", ""hdfs:bbeb0e7c6844b59a6994"", ""hdfs:c6dbd2337046a363b5b9"", ""hdfs:cfc3d2b05bf7ae4071b0"", ""hdfs:d27b3be4daae978af0c3"", ""hdfs:de125e1438cadba9911e"", ""hdfs:df78faeb8bf6a9ee7d14"", ""hdfs:e72013b64789fe9c627b""]"
hdfs,bm25,hdfs_q002,Có block nào được ghi nhận hoặc cập nhật trong HDFS không?,True,0.0,0.0,0.0,0.0,0.0,0.0,0.0,2.9672,"[""hdfs:cf00e39992efee4affd6"", ""hdfs:a1b39cb6f0787eb54ac1"", ""hdfs:a3360502d99727666b79"", ""hdfs:423c95ad52d3ab3b97fe"", ""hdfs:bef0a9703b65d0b0bdc2"", ""hdfs:de14de8b2327c5eaff07"", ""hdfs:349e63b558aaed80c62f"", ""hdfs:e79e0d60c9271c49a10e"", ""hdfs:ac182cdf11f1c01787ed"", ""hdfs:ed8014018a145adba805""]","[""hdfs:04b99e42ebaf83ea9c76"", ""hdfs:0e02810dc7f11459212d"", ""hdfs:24d48b4b64d97fe1c5d5"", ""hdfs:2e52b0d6d0226ba45cfb"", ""hdfs:2f040443abfbf1c054ef"", ""hdfs:421ac358413e4e16f22a"", ""hdfs:43ebc455948587c6c0be"", ""hdfs:48c4f89f45e5031d4d59"", ""hdfs:4c72e1a9761d95f4f0db"", ""hdfs:6605d52c85e8a1fcb1c2"", ""hdfs:746a2e37ff4ee7be97de"", ""hdfs:7deb86e453c40b03d5aa"", ""hdfs:89ee1dc1f52de1cf5770"", ""hdfs:bbeb0e7c6844b59a6994"", ""hdfs:c6dbd2337046a363b5b9"", ""hdfs:cfc3d2b05bf7ae4071b0"", ""hdfs:d27b3be4daae978af0c3"", ""hdfs:de125e1438cadba9911e"", ""hdfs:df78faeb8bf6a9ee7d14"", ""hdfs:e72013b64789fe9c627b""]"
hdfs,bm25,hdfs_q003,Có node nào liên quan đến truyền dữ liệu block không?,True,0.0,0.0,0.0,0.0,0.0,0.0,0.0,2.9408,"[""hdfs:cf00e39992efee4affd6"", ""hdfs:a1b39cb6f0787eb54ac1"", ""hdfs:a3360502d99727666b79"", ""hdfs:423c95ad52d3ab3b97fe"", ""hdfs:bef0a9703b65d0b0bdc2"", ""hdfs:de14de8b2327c5eaff07"", ""hdfs:349e63b558aaed80c62f"", ""hdfs:e79e0d60c9271c49a10e"", ""hdfs:ac182cdf11f1c01787ed"", ""hdfs:ed8014018a145adba805""]","[""hdfs:04b99e42ebaf83ea9c76"", ""hdfs:0e02810dc7f11459212d"", ""hdfs:24d48b4b64d97fe1c5d5"", ""hdfs:2e52b0d6d0226ba45cfb"", ""hdfs:2f040443abfbf1c054ef"", ""hdfs:421ac358413e4e16f22a"", ""hdfs:43ebc455948587c6c0be"", ""hdfs:48c4f89f45e5031d4d59"", ""hdfs:4c72e1a9761d95f4f0db"", ""hdfs:6605d52c85e8a1fcb1c2"", ""hdfs:746a2e37ff4ee7be97de"", ""hdfs:7deb86e453c40b03d5aa"", ""hdfs:89ee1dc1f52de1cf5770"", ""hdfs:bbeb0e7c6844b59a6994"", ""hdfs:c6dbd2337046a363b5b9"", ""hdfs:cfc3d2b05bf7ae4071b0"", ""hdfs:d27b3be4daae978af0c3"", ""hdfs:de125e1438cadba9911e"", ""hdfs:df78faeb8bf6a9ee7d14"", ""hdfs:e72013b64789fe9c627b""]"
hdfs,bm25,hdfs_q005,Find block transfer exceptions in HDFS.,False,0.0,0.0,0.0,0.0,0.0,0.0,0.0,3.4114,"[""hdfs:7a9c86240c9f0dc3b3a4"", ""hdfs:cf00e39992efee4affd6"", ""hdfs:a3360502d99727666b79"", ""hdfs:a1b39cb6f0787eb54ac1"", ""hdfs:bef0a9703b65d0b0bdc2"", ""hdfs:de14de8b2327c5eaff07"", ""hdfs:349e63b558aaed80c62f"", ""hdfs:423c95ad52d3ab3b97fe"", ""hdfs:ac182cdf11f1c01787ed"", ""hdfs:ed8014018a145adba805""]","[""hdfs:04b99e42ebaf83ea9c76"", ""hdfs:0e02810dc7f11459212d"", ""hdfs:158444161bb2427e1d8f"", ""hdfs:2e52b0d6d0226ba45cfb"", ""hdfs:2f040443abfbf1c054ef"", ""hdfs:421ac358413e4e16f22a"", ""hdfs:43ebc455948587c6c0be"", ""hdfs:48c4f89f45e5031d4d59"", ""hdfs:4c72e1a9761d95f4f0db"", ""hdfs:6605d52c85e8a1fcb1c2"", ""hdfs:746a2e37ff4ee7be97de"", ""hdfs:7deb86e453c40b03d5aa"", ""hdfs:89ee1dc1f52de1cf5770"", ""hdfs:bbeb0e7c6844b59a6994"", ""hdfs:c6dbd2337046a363b5b9"", ""hdfs:cfc3d2b05bf7ae4071b0"", ""hdfs:d27b3be4daae978af0c3"", ""hdfs:de125e1438cadba9911e"", ""hdfs:df78faeb8bf6a9ee7d14"", ""hdfs:e72013b64789fe9c627b""]"
hdfs,bm25,hdfs_q006,Are there block metadata updates in NameNode logs?,True,0.0,0.0,0.0,0.0,0.0,0.0,0.0,2.6721,"[""hdfs:cf00e39992efee4affd6"", ""hdfs:a1b39cb6f0787eb54ac1"", ""hdfs:a3360502d99727666b79"", ""hdfs:423c95ad52d3ab3b97fe"", ""hdfs:bef0a9703b65d0b0bdc2"", ""hdfs:de14de8b2327c5eaff07"", ""hdfs:349e63b558aaed80c62f"", ""hdfs:e79e0d60c9271c49a10e"", ""hdfs:ac182cdf11f1c01787ed"", ""hdfs:ed8014018a145adba805""]","[""hdfs:04b99e42ebaf83ea9c76"", ""hdfs:0e02810dc7f11459212d"", ""hdfs:24d48b4b64d97fe1c5d5"", ""hdfs:2e52b0d6d0226ba45cfb"", ""hdfs:2f040443abfbf1c054ef"", ""hdfs:421ac358413e4e16f22a"", ""hdfs:43ebc455948587c6c0be"", ""hdfs:48c4f89f45e5031d4d59"", ""hdfs:4c72e1a9761d95f4f0db"", ""hdfs:6605d52c85e8a1fcb1c2"", ""hdfs:746a2e37ff4ee7be97de"", ""hdfs:7deb86e453c40b03d5aa"", ""hdfs:89ee1dc1f52de1cf5770"", ""hdfs:bbeb0e7c6844b59a6994"", ""hdfs:c6dbd2337046a363b5b9"", ""hdfs:cfc3d2b05bf7ae4071b0"", ""hdfs:d27b3be4daae978af0c3"", ""hdfs:de125e1438cadba9911e"", ""hdfs:df78faeb8bf6a9ee7d14"", ""hdfs:e72013b64789fe9c627b""]"
hdfs,bm25,hdfs_q007,Tìm exception khi DataXceiver gửi block cho client hoặc node khác.,True,1.0,1.0,1.0,1.0,1.0,0.25,1.0,3.1983,"[""hdfs:04b99e42ebaf83ea9c76"", ""hdfs:2e52b0d6d0226ba45cfb"", ""hdfs:2f040443abfbf1c054ef"", ""hdfs:e72013b64789fe9c627b"", ""hdfs:43ebc455948587c6c0be"", ""hdfs:7deb86e453c40b03d5aa"", ""hdfs:89ee1dc1f52de1cf5770"", ""hdfs:bbeb0e7c6844b59a6994"", ""hdfs:cfc3d2b05bf7ae4071b0"", ""hdfs:c6dbd2337046a363b5b9""]","[""hdfs:04b99e42ebaf83ea9c76"", ""hdfs:0e02810dc7f11459212d"", ""hdfs:158444161bb2427e1d8f"", ""hdfs:2e52b0d6d0226ba45cfb"", ""hdfs:2f040443abfbf1c054ef"", ""hdfs:421ac358413e4e16f22a"", ""hdfs:43ebc455948587c6c0be"", ""hdfs:48c4f89f45e5031d4d59"", ""hdfs:4c72e1a9761d95f4f0db"", ""hdfs:6605d52c85e8a1fcb1c2"", ""hdfs:746a2e37ff4ee7be97de"", ""hdfs:7deb86e453c40b03d5aa"", ""hdfs:89ee1dc1f52de1cf5770"", ""hdfs:bbeb0e7c6844b59a6994"", ""hdfs:c6dbd2337046a363b5b9"", ""hdfs:cfc3d2b05bf7ae4071b0"", ""hdfs:d27b3be4daae978af0c3"", ""hdfs:de125e1438cadba9911e"", ""hdfs:df78faeb8bf6a9ee7d14"", ""hdfs:e72013b64789fe9c627b""]"
hdfs,bm25,hdfs_q008,Có block nào được DataNode nhận hoặc phục vụ không?,True,0.0,0.0,0.0,0.0,0.0,0.0,0.0,3.1955,"[""hdfs:24d48b4b64d97fe1c5d5"", ""hdfs:cf00e39992efee4affd6"", ""hdfs:a3360502d99727666b79"", ""hdfs:a1b39cb6f0787eb54ac1"", ""hdfs:bef0a9703b65d0b0bdc2"", ""hdfs:de14de8b2327c5eaff07"", ""hdfs:349e63b558aaed80c62f"", ""hdfs:423c95ad52d3ab3b97fe"", ""hdfs:ac182cdf11f1c01787ed"", ""hdfs:ed8014018a145adba805""]","[""hdfs:04b99e42ebaf83ea9c76"", ""hdfs:0e02810dc7f11459212d"", ""hdfs:158444161bb2427e1d8f"", ""hdfs:2e52b0d6d0226ba45cfb"", ""hdfs:2f040443abfbf1c054ef"", ""hdfs:421ac358413e4e16f22a"", ""hdfs:43ebc455948587c6c0be"", ""hdfs:48c4f89f45e5031d4d59"", ""hdfs:4c72e1a9761d95f4f0db"", ""hdfs:6605d52c85e8a1fcb1c2"", ""hdfs:746a2e37ff4ee7be97de"", ""hdfs:7deb86e453c40b03d5aa"", ""hdfs:89ee1dc1f52de1cf5770"", ""hdfs:bbeb0e7c6844b59a6994"", ""hdfs:c6dbd2337046a363b5b9"", ""hdfs:cfc3d2b05bf7ae4071b0"", ""hdfs:d27b3be4daae978af0c3"", ""hdfs:de125e1438cadba9911e"", ""hdfs:df78faeb8bf6a9ee7d14"", ""hdfs:e72013b64789fe9c627b""]"
hdfs,bm25,hdfs_q010,Tìm cập nhật blockMap từ FSNamesystem.,True,0.0,0.0,0.0,0.0,0.0,0.0,0.0,1.1103,"[""hdfs:8163dc3fa1306e13c221"", ""hdfs:58fd7132daf67c66c108"", ""hdfs:08b97cca7159ecdafca0"", ""hdfs:0e44a2e9999e86b563da"", ""hdfs:8146548c54332116eaf9"", ""hdfs:a531d57afb0499f09207"", ""hdfs:4e8b67c881a036bcfe01"", ""hdfs:19d244e8d2f360f5ab08"", ""hdfs:2288ab03763eae3b6c27"", ""hdfs:c1c0bc7376d7ef1d4964""]","[""hdfs:24d48b4b64d97fe1c5d5""]"
hdfs,bm25,hdfs_q011,Có block nào được allocate cho file tạm trong HDFS không?,True,0.0,0.0,0.0,0.0,0.0,0.0,0.0,3.0692,"[""hdfs:66df82fa5609cdffe3d2"", ""hdfs:c62c461e939567e27b0d"", ""hdfs:76c88e3152b7426a8905"", ""hdfs:e8403213c36600d19032"", ""hdfs:2ddf7fb3a7d80a21cde8"", ""hdfs:653b473528464d3014f8"", ""hdfs:afa616376d21b08a5881"", ""hdfs:ff3d39044dbce9bffcf4"", ""hdfs:bc5308ff1fe4d4945d82"", ""hdfs:92b45da0f3a6b4d019fb""]","[""hdfs:24d48b4b64d97fe1c5d5""]"
hdfs,bm25,hdfs_q012,Tìm các cảnh báo WARN liên quan đến block serving.,False,0.0,0.0,0.0,0.0,0.0,0.0,0.0,2.6936,"[""hdfs:cf00e39992efee4affd6"", ""hdfs:a1b39cb6f0787eb54ac1"", ""hdfs:a3360502d99727666b79"", ""hdfs:423c95ad52d3ab3b97fe"", ""hdfs:bef0a9703b65d0b0bdc2"", ""hdfs:de14de8b2327c5eaff07"", ""hdfs:349e63b558aaed80c62f"", ""hdfs:e79e0d60c9271c49a10e"", ""hdfs:ac182cdf11f1c01787ed"", ""hdfs:ed8014018a145adba805""]","[""hdfs:04b99e42ebaf83ea9c76"", ""hdfs:0e02810dc7f11459212d"", ""hdfs:158444161bb2427e1d8f"", ""hdfs:2e52b0d6d0226ba45cfb"", ""hdfs:2f040443abfbf1c054ef"", ""hdfs:421ac358413e4e16f22a"", ""hdfs:43ebc455948587c6c0be"", ""hdfs:48c4f89f45e5031d4d59"", ""hdfs:4c72e1a9761d95f4f0db"", ""hdfs:6605d52c85e8a1fcb1c2"", ""hdfs:746a2e37ff4ee7be97de"", ""hdfs:7deb86e453c40b03d5aa"", ""hdfs:89ee1dc1f52de1cf5770"", ""hdfs:bbeb0e7c6844b59a6994"", ""hdfs:c6dbd2337046a363b5b9"", ""hdfs:cfc3d2b05bf7ae4071b0"", ""hdfs:d27b3be4daae978af0c3"", ""hdfs:de125e1438cadba9911e"", ""hdfs:df78faeb8bf6a9ee7d14"", ""hdfs:e72013b64789fe9c627b""]"
hdfs,bm25,hdfs_q015,Có node hoặc địa chỉ nào xuất hiện khi block transfer gặp sự cố không?,True,0.0,0.0,0.0,0.0,0.0,0.0,0.0,3.4837,"[""hdfs:7a9c86240c9f0dc3b3a4"", ""hdfs:24d48b4b64d97fe1c5d5"", ""hdfs:a3360502d99727666b79"", ""hdfs:cf00e39992efee4affd6"", ""hdfs:bef0a9703b65d0b0bdc2"", ""hdfs:de14de8b2327c5eaff07"", ""hdfs:349e63b558aaed80c62f"", ""hdfs:a1b39cb6f0787eb54ac1"", ""hdfs:ac182cdf11f1c01787ed"", ""hdfs:ed8014018a145adba805""]","[""hdfs:04b99e42ebaf83ea9c76"", ""hdfs:0e02810dc7f11459212d"", ""hdfs:158444161bb2427e1d8f"", ""hdfs:2e52b0d6d0226ba45cfb"", ""hdfs:2f040443abfbf1c054ef"", ""hdfs:421ac358413e4e16f22a"", ""hdfs:43ebc455948587c6c0be"", ""hdfs:48c4f89f45e5031d4d59"", ""hdfs:4c72e1a9761d95f4f0db"", ""hdfs:6605d52c85e8a1fcb1c2"", ""hdfs:746a2e37ff4ee7be97de"", ""hdfs:7deb86e453c40b03d5aa"", ""hdfs:89ee1dc1f52de1cf5770"", ""hdfs:bbeb0e7c6844b59a6994"", ""hdfs:c6dbd2337046a363b5b9"", ""hdfs:cfc3d2b05bf7ae4071b0"", ""hdfs:d27b3be4daae978af0c3"", ""hdfs:de125e1438cadba9911e"", ""hdfs:df78faeb8bf6a9ee7d14"", ""hdfs:e72013b64789fe9c627b""]"
hdfs,bm25,hdfs_q016,Find DataXceiver warnings while serving blocks.,False,0.0,0.0,0.0,0.0,0.0,0.0,0.0,1.1985,"[""hdfs:909f1632bb39880f091d"", ""hdfs:b0c5b7877ee000e81d11"", ""hdfs:fd227e8620e9c024d3fb"", ""hdfs:76ea87852e42b751dbac"", ""hdfs:bae95a98f3f9b430abf6"", ""hdfs:c206f55ba50f7e2601e3"", ""hdfs:59148098ab8119fa4a95"", ""hdfs:bc0aa583f5e66e231569"", ""hdfs:4c3f3d2a8060069cef92"", ""hdfs:da0041533db8516c5a0b""]","[""hdfs:04b99e42ebaf83ea9c76"", ""hdfs:0e02810dc7f11459212d"", ""hdfs:158444161bb2427e1d8f"", ""hdfs:2e52b0d6d0226ba45cfb"", ""hdfs:2f040443abfbf1c054ef"", ""hdfs:421ac358413e4e16f22a"", ""hdfs:43ebc455948587c6c0be"", ""hdfs:48c4f89f45e5031d4d59"", ""hdfs:4c72e1a9761d95f4f0db"", ""hdfs:6605d52c85e8a1fcb1c2"", ""hdfs:746a2e37ff4ee7be97de"", ""hdfs:7deb86e453c40b03d5aa"", ""hdfs:89ee1dc1f52de1cf5770"", ""hdfs:bbeb0e7c6844b59a6994"", ""hdfs:c6dbd2337046a363b5b9"", ""hdfs:cfc3d2b05bf7ae4071b0"", ""hdfs:d27b3be4daae978af0c3"", ""hdfs:de125e1438cadba9911e"", ""hdfs:df78faeb8bf6a9ee7d14"", ""hdfs:e72013b64789fe9c627b""]"
hdfs,bm25,hdfs_q017,Find FSNamesystem records that update block locations.,True,0.0,0.0,0.0,0.0,0.0,0.0,0.0,2.5286,"[""hdfs:cf00e39992efee4affd6"", ""hdfs:a1b39cb6f0787eb54ac1"", ""hdfs:a3360502d99727666b79"", ""hdfs:423c95ad52d3ab3b97fe"", ""hdfs:bef0a9703b65d0b0bdc2"", ""hdfs:de14de8b2327c5eaff07"", ""hdfs:349e63b558aaed80c62f"", ""hdfs:e79e0d60c9271c49a10e"", ""hdfs:ac182cdf11f1c01787ed"", ""hdfs:ed8014018a145adba805""]","[""hdfs:24d48b4b64d97fe1c5d5""]"
hdfs,bm25,hdfs_q021,Có dấu hiệu block pipeline bị gián đoạn khi phục vụ dữ liệu không?,False,0.0,0.0,0.0,0.0,0.0,0.0,0.0,2.8971,"[""hdfs:cf00e39992efee4affd6"", ""hdfs:a1b39cb6f0787eb54ac1"", ""hdfs:a3360502d99727666b79"", ""hdfs:423c95ad52d3ab3b97fe"", ""hdfs:bef0a9703b65d0b0bdc2"", ""hdfs:de14de8b2327c5eaff07"", ""hdfs:349e63b558aaed80c62f"", ""hdfs:e79e0d60c9271c49a10e"", ""hdfs:ac182cdf11f1c01787ed"", ""hdfs:ed8014018a145adba805""]","[""hdfs:04b99e42ebaf83ea9c76"", ""hdfs:0e02810dc7f11459212d"", ""hdfs:158444161bb2427e1d8f"", ""hdfs:2e52b0d6d0226ba45cfb"", ""hdfs:2f040443abfbf1c054ef"", ""hdfs:421ac358413e4e16f22a"", ""hdfs:43ebc455948587c6c0be"", ""hdfs:48c4f89f45e5031d4d59"", ""hdfs:4c72e1a9761d95f4f0db"", ""hdfs:6605d52c85e8a1fcb1c2"", ""hdfs:746a2e37ff4ee7be97de"", ""hdfs:7deb86e453c40b03d5aa"", ""hdfs:89ee1dc1f52de1cf5770"", ""hdfs:bbeb0e7c6844b59a6994"", ""hdfs:c6dbd2337046a363b5b9"", ""hdfs:cfc3d2b05bf7ae4071b0"", ""hdfs:d27b3be4daae978af0c3"", ""hdfs:de125e1438cadba9911e"", ""hdfs:df78faeb8bf6a9ee7d14"", ""hdfs:e72013b64789fe9c627b""]"
hdfs,bm25,hdfs_q022,Tìm các log về block replication hoặc vị trí block được cập nhật.,True,0.0,0.0,0.0,0.0,0.0,0.0,0.0,4.6861,"[""hdfs:cf00e39992efee4affd6"", ""hdfs:a1b39cb6f0787eb54ac1"", ""hdfs:a3360502d99727666b79"", ""hdfs:423c95ad52d3ab3b97fe"", ""hdfs:bef0a9703b65d0b0bdc2"", ""hdfs:de14de8b2327c5eaff07"", ""hdfs:349e63b558aaed80c62f"", ""hdfs:e79e0d60c9271c49a10e"", ""hdfs:ac182cdf11f1c01787ed"", ""hdfs:ed8014018a145adba805""]","[""hdfs:04b99e42ebaf83ea9c76"", ""hdfs:0e02810dc7f11459212d"", ""hdfs:24d48b4b64d97fe1c5d5"", ""hdfs:2e52b0d6d0226ba45cfb"", ""hdfs:2f040443abfbf1c054ef"", ""hdfs:421ac358413e4e16f22a"", ""hdfs:43ebc455948587c6c0be"", ""hdfs:48c4f89f45e5031d4d59"", ""hdfs:4c72e1a9761d95f4f0db"", ""hdfs:6605d52c85e8a1fcb1c2"", ""hdfs:746a2e37ff4ee7be97de"", ""hdfs:7deb86e453c40b03d5aa"", ""hdfs:89ee1dc1f52de1cf5770"", ""hdfs:bbeb0e7c6844b59a6994"", ""hdfs:c6dbd2337046a363b5b9"", ""hdfs:cfc3d2b05bf7ae4071b0"", ""hdfs:d27b3be4daae978af0c3"", ""hdfs:de125e1438cadba9911e"", ""hdfs:df78faeb8bf6a9ee7d14"", ""hdfs:e72013b64789fe9c627b""]"
hdfs,bm25,hdfs_q023,Node nào có dấu hiệu gặp lỗi lặp lại khi phục vụ block?,True,0.0,0.0,0.0,0.0,0.0,0.0,0.0,2.9903,"[""hdfs:cf00e39992efee4affd6"", ""hdfs:a1b39cb6f0787eb54ac1"", ""hdfs:a3360502d99727666b79"", ""hdfs:423c95ad52d3ab3b97fe"", ""hdfs:bef0a9703b65d0b0bdc2"", ""hdfs:de14de8b2327c5eaff07"", ""hdfs:349e63b558aaed80c62f"", ""hdfs:e79e0d60c9271c49a10e"", ""hdfs:ac182cdf11f1c01787ed"", ""hdfs:ed8014018a145adba805""]","[""hdfs:04b99e42ebaf83ea9c76"", ""hdfs:0e02810dc7f11459212d"", ""hdfs:158444161bb2427e1d8f"", ""hdfs:2e52b0d6d0226ba45cfb"", ""hdfs:2f040443abfbf1c054ef"", ""hdfs:421ac358413e4e16f22a"", ""hdfs:43ebc455948587c6c0be"", ""hdfs:48c4f89f45e5031d4d59"", ""hdfs:4c72e1a9761d95f4f0db"", ""hdfs:6605d52c85e8a1fcb1c2"", ""hdfs:746a2e37ff4ee7be97de"", ""hdfs:7deb86e453c40b03d5aa"", ""hdfs:89ee1dc1f52de1cf5770"", ""hdfs:bbeb0e7c6844b59a6994"", ""hdfs:c6dbd2337046a363b5b9"", ""hdfs:cfc3d2b05bf7ae4071b0"", ""hdfs:d27b3be4daae978af0c3"", ""hdfs:de125e1438cadba9911e"", ""hdfs:df78faeb8bf6a9ee7d14"", ""hdfs:e72013b64789fe9c627b""]"
hdfs,bm25,hdfs_q024,Có chuỗi sự kiện nào từ nhận block đến responder kết thúc không?,True,1.0,1.0,1.0,1.0,0.2,0.05,1.0,3.5079,"[""hdfs:24d48b4b64d97fe1c5d5"", ""hdfs:cf00e39992efee4affd6"", ""hdfs:a3360502d99727666b79"", ""hdfs:a1b39cb6f0787eb54ac1"", ""hdfs:bef0a9703b65d0b0bdc2"", ""hdfs:de14de8b2327c5eaff07"", ""hdfs:349e63b558aaed80c62f"", ""hdfs:423c95ad52d3ab3b97fe"", ""hdfs:ac182cdf11f1c01787ed"", ""hdfs:ed8014018a145adba805""]","[""hdfs:04b99e42ebaf83ea9c76"", ""hdfs:0e02810dc7f11459212d"", ""hdfs:24d48b4b64d97fe1c5d5"", ""hdfs:2e52b0d6d0226ba45cfb"", ""hdfs:2f040443abfbf1c054ef"", ""hdfs:421ac358413e4e16f22a"", ""hdfs:43ebc455948587c6c0be"", ""hdfs:48c4f89f45e5031d4d59"", ""hdfs:4c72e1a9761d95f4f0db"", ""hdfs:6605d52c85e8a1fcb1c2"", ""hdfs:746a2e37ff4ee7be97de"", ""hdfs:7deb86e453c40b03d5aa"", ""hdfs:89ee1dc1f52de1cf5770"", ""hdfs:bbeb0e7c6844b59a6994"", ""hdfs:c6dbd2337046a363b5b9"", ""hdfs:cfc3d2b05bf7ae4071b0"", ""hdfs:d27b3be4daae978af0c3"", ""hdfs:de125e1438cadba9911e"", ""hdfs:df78faeb8bf6a9ee7d14"", ""hdfs:e72013b64789fe9c627b""]"
hdfs,bm25,hdfs_q025,Tìm bằng chứng blockMap thay đổi quanh các block có sự cố.,True,1.0,1.0,1.0,1.0,0.2,1.0,1.0,3.6186,"[""hdfs:24d48b4b64d97fe1c5d5"", ""hdfs:15356d53777dd5005740"", ""hdfs:473d575c506fbbe69977"", ""hdfs:c2c7857a7268fcf1f925"", ""hdfs:812c5163993258382785"", ""hdfs:d4721615421b930d5c49"", ""hdfs:3594ab55ef38d5f1c3bf"", ""hdfs:f52b156e2183cf764334"", ""hdfs:c8870f521cfd223ddafa"", ""hdfs:ebd5e966abfad670ad98""]","[""hdfs:24d48b4b64d97fe1c5d5""]"
hdfs,bm25,hdfs_q027,Which logs suggest HDFS block serving is unreliable?,True,0.0,0.0,1.0,1.0,0.4,0.1,0.25,4.4245,"[""hdfs:bc0aa583f5e66e231569"", ""hdfs:3dcd4d37f7aabddb2994"", ""hdfs:d8c0dc7551812c396853"", ""hdfs:04b99e42ebaf83ea9c76"", ""hdfs:2e52b0d6d0226ba45cfb"", ""hdfs:2f040443abfbf1c054ef"", ""hdfs:e72013b64789fe9c627b"", ""hdfs:43ebc455948587c6c0be"", ""hdfs:7deb86e453c40b03d5aa"", ""hdfs:89ee1dc1f52de1cf5770""]","[""hdfs:04b99e42ebaf83ea9c76"", ""hdfs:0e02810dc7f11459212d"", ""hdfs:158444161bb2427e1d8f"", ""hdfs:2e52b0d6d0226ba45cfb"", ""hdfs:2f040443abfbf1c054ef"", ""hdfs:421ac358413e4e16f22a"", ""hdfs:43ebc455948587c6c0be"", ""hdfs:48c4f89f45e5031d4d59"", ""hdfs:4c72e1a9761d95f4f0db"", ""hdfs:6605d52c85e8a1fcb1c2"", ""hdfs:746a2e37ff4ee7be97de"", ""hdfs:7deb86e453c40b03d5aa"", ""hdfs:89ee1dc1f52de1cf5770"", ""hdfs:bbeb0e7c6844b59a6994"", ""hdfs:c6dbd2337046a363b5b9"", ""hdfs:cfc3d2b05bf7ae4071b0"", ""hdfs:d27b3be4daae978af0c3"", ""hdfs:de125e1438cadba9911e"", ""hdfs:df78faeb8bf6a9ee7d14"", ""hdfs:e72013b64789fe9c627b""]"
hdfs,bm25,hdfs_q028,Find evidence of repeated block movement across DataNodes.,True,0.0,0.0,0.0,0.0,0.0,0.0,0.0,3.8932,"[""hdfs:243abb023438d0342588"", ""hdfs:27c9dc77deb868649592"", ""hdfs:495896cca76bddf54932"", ""hdfs:924bf4b75cdb1ed56f44"", ""hdfs:09c7c81c42bd6e521fb1"", ""hdfs:eeeaa6f95a13ec511c3f"", ""hdfs:7b838cd27469bae60db1"", ""hdfs:1b58f34e8fb90428b676"", ""hdfs:38d86dcfad58be21668a"", ""hdfs:5c34acd7e2be466e9f9a""]","[""hdfs:04b99e42ebaf83ea9c76"", ""hdfs:0e02810dc7f11459212d"", ""hdfs:24d48b4b64d97fe1c5d5"", ""hdfs:2e52b0d6d0226ba45cfb"", ""hdfs:2f040443abfbf1c054ef"", ""hdfs:421ac358413e4e16f22a"", ""hdfs:43ebc455948587c6c0be"", ""hdfs:48c4f89f45e5031d4d59"", ""hdfs:4c72e1a9761d95f4f0db"", ""hdfs:6605d52c85e8a1fcb1c2"", ""hdfs:746a2e37ff4ee7be97de"", ""hdfs:7deb86e453c40b03d5aa"", ""hdfs:89ee1dc1f52de1cf5770"", ""hdfs:bbeb0e7c6844b59a6994"", ""hdfs:c6dbd2337046a363b5b9"", ""hdfs:cfc3d2b05bf7ae4071b0"", ""hdfs:d27b3be4daae978af0c3"", ""hdfs:de125e1438cadba9911e"", ""hdfs:df78faeb8bf6a9ee7d14"", ""hdfs:e72013b64789fe9c627b""]"
hdfs,bm25,hdfs_q029,"Có bất thường nào liên quan cùng lúc đến node, IP và block id không?",True,0.0,0.0,0.0,0.0,0.0,0.0,0.0,2.1599,"[""hdfs:cf00e39992efee4affd6"", ""hdfs:a1b39cb6f0787eb54ac1"", ""hdfs:a3360502d99727666b79"", ""hdfs:423c95ad52d3ab3b97fe"", ""hdfs:bef0a9703b65d0b0bdc2"", ""hdfs:de14de8b2327c5eaff07"", ""hdfs:349e63b558aaed80c62f"", ""hdfs:e79e0d60c9271c49a10e"", ""hdfs:ac182cdf11f1c01787ed"", ""hdfs:ed8014018a145adba805""]","[""hdfs:04b99e42ebaf83ea9c76"", ""hdfs:0e02810dc7f11459212d"", ""hdfs:158444161bb2427e1d8f"", ""hdfs:2e52b0d6d0226ba45cfb"", ""hdfs:2f040443abfbf1c054ef"", ""hdfs:421ac358413e4e16f22a"", ""hdfs:43ebc455948587c6c0be"", ""hdfs:48c4f89f45e5031d4d59"", ""hdfs:4c72e1a9761d95f4f0db"", ""hdfs:6605d52c85e8a1fcb1c2"", ""hdfs:746a2e37ff4ee7be97de"", ""hdfs:7deb86e453c40b03d5aa"", ""hdfs:89ee1dc1f52de1cf5770"", ""hdfs:bbeb0e7c6844b59a6994"", ""hdfs:c6dbd2337046a363b5b9"", ""hdfs:cfc3d2b05bf7ae4071b0"", ""hdfs:d27b3be4daae978af0c3"", ""hdfs:de125e1438cadba9911e"", ""hdfs:df78faeb8bf6a9ee7d14"", ""hdfs:e72013b64789fe9c627b""]"
hdfs,bm25,hdfs_q030,Có dấu hiệu tổng quan nào cho thấy HDFS storage layer không khỏe không?,True,0.0,0.0,0.0,0.0,0.0,0.0,0.0,0.0628,"[""hdfs:3d0c74d5e61235ea6683"", ""hdfs:081fb3616e3899e0d8b6"", ""hdfs:3f25fff1c77dce95aed6"", ""hdfs:e6ffce0fb950f8999ba5"", ""hdfs:b46fab70de8b8dfcbf9c"", ""hdfs:b786689ec0ecd52adf20"", ""hdfs:2c433a98ad1a9e4c5d6c"", ""hdfs:668802794a727a778f43"", ""hdfs:f8cc15469b34ff131f8f"", ""hdfs:6eb6ddb40f9832e59e26""]","[""hdfs:04b99e42ebaf83ea9c76"", ""hdfs:0e02810dc7f11459212d"", ""hdfs:24d48b4b64d97fe1c5d5"", ""hdfs:2e52b0d6d0226ba45cfb"", ""hdfs:2f040443abfbf1c054ef"", ""hdfs:421ac358413e4e16f22a"", ""hdfs:43ebc455948587c6c0be"", ""hdfs:48c4f89f45e5031d4d59"", ""hdfs:4c72e1a9761d95f4f0db"", ""hdfs:6605d52c85e8a1fcb1c2"", ""hdfs:746a2e37ff4ee7be97de"", ""hdfs:7deb86e453c40b03d5aa"", ""hdfs:89ee1dc1f52de1cf5770"", ""hdfs:bbeb0e7c6844b59a6994"", ""hdfs:c6dbd2337046a363b5b9"", ""hdfs:cfc3d2b05bf7ae4071b0"", ""hdfs:d27b3be4daae978af0c3"", ""hdfs:de125e1438cadba9911e"", ""hdfs:df78faeb8bf6a9ee7d14"", ""hdfs:e72013b64789fe9c627b""]"
hdfs,sentence-transformers/all-MiniLM-L6-v2,hdfs_q001,Có lỗi nào khi DataNode phục vụ block không?,False,0.0,0.0,0.0,0.0,0.0,0.0,0.0,22.8484,"[""hdfs:24d48b4b64d97fe1c5d5"", ""hdfs:10841811b1045726d3dc"", ""hdfs:61eee199295901ddb6ee"", ""hdfs:902b3b96945b3556cae6"", ""hdfs:3240e25623930e9ca86f"", ""hdfs:4a89b2f0710c6fc67d7f"", ""hdfs:fa9a39d8f611b21b6df4"", ""hdfs:6bb1b7b5249a6dffe4be"", ""hdfs:d9cd6dd6e56a549b5fd4"", ""hdfs:2908869c94cabba184ba""]","[""hdfs:04b99e42ebaf83ea9c76"", ""hdfs:0e02810dc7f11459212d"", ""hdfs:158444161bb2427e1d8f"", ""hdfs:2e52b0d6d0226ba45cfb"", ""hdfs:2f040443abfbf1c054ef"", ""hdfs:421ac358413e4e16f22a"", ""hdfs:43ebc455948587c6c0be"", ""hdfs:48c4f89f45e5031d4d59"", ""hdfs:4c72e1a9761d95f4f0db"", ""hdfs:6605d52c85e8a1fcb1c2"", ""hdfs:746a2e37ff4ee7be97de"", ""hdfs:7deb86e453c40b03d5aa"", ""hdfs:89ee1dc1f52de1cf5770"", ""hdfs:bbeb0e7c6844b59a6994"", ""hdfs:c6dbd2337046a363b5b9"", ""hdfs:cfc3d2b05bf7ae4071b0"", ""hdfs:d27b3be4daae978af0c3"", ""hdfs:de125e1438cadba9911e"", ""hdfs:df78faeb8bf6a9ee7d14"", ""hdfs:e72013b64789fe9c627b""]"
hdfs,sentence-transformers/all-MiniLM-L6-v2,hdfs_q002,Có block nào được ghi nhận hoặc cập nhật trong HDFS không?,True,0.0,0.0,0.0,0.0,0.0,0.0,0.0,20.1183,"[""hdfs:2eacdb1e6a3bf7fb05f0"", ""hdfs:e5af644b1a99b963dd39"", ""hdfs:dcab2bc2d4b64bc0942a"", ""hdfs:0cfea1694a29ca61368e"", ""hdfs:ea28808bed9f66bbeb0f"", ""hdfs:bd4f6c0bb00518eb5c1c"", ""hdfs:902b3b96945b3556cae6"", ""hdfs:f67553a4dd8d2723313e"", ""hdfs:936ed03b7cb0477fa6b9"", ""hdfs:13c39e21be94f80f07db""]","[""hdfs:04b99e42ebaf83ea9c76"", ""hdfs:0e02810dc7f11459212d"", ""hdfs:24d48b4b64d97fe1c5d5"", ""hdfs:2e52b0d6d0226ba45cfb"", ""hdfs:2f040443abfbf1c054ef"", ""hdfs:421ac358413e4e16f22a"", ""hdfs:43ebc455948587c6c0be"", ""hdfs:48c4f89f45e5031d4d59"", ""hdfs:4c72e1a9761d95f4f0db"", ""hdfs:6605d52c85e8a1fcb1c2"", ""hdfs:746a2e37ff4ee7be97de"", ""hdfs:7deb86e453c40b03d5aa"", ""hdfs:89ee1dc1f52de1cf5770"", ""hdfs:bbeb0e7c6844b59a6994"", ""hdfs:c6dbd2337046a363b5b9"", ""hdfs:cfc3d2b05bf7ae4071b0"", ""hdfs:d27b3be4daae978af0c3"", ""hdfs:de125e1438cadba9911e"", ""hdfs:df78faeb8bf6a9ee7d14"", ""hdfs:e72013b64789fe9c627b""]"
hdfs,sentence-transformers/all-MiniLM-L6-v2,hdfs_q003,Có node nào liên quan đến truyền dữ liệu block không?,True,0.0,0.0,0.0,0.0,0.0,0.0,0.0,22.1325,"[""hdfs:e5af644b1a99b963dd39"", ""hdfs:6a835c8d60b031460764"", ""hdfs:2eacdb1e6a3bf7fb05f0"", ""hdfs:4715ac8f34f5439535cc"", ""hdfs:ec7aa72400052d33b3e3"", ""hdfs:d07dda5201d98a17d542"", ""hdfs:13c39e21be94f80f07db"", ""hdfs:c934a735924a9a3df6ae"", ""hdfs:0195f3f4e4fe96548a0e"", ""hdfs:f67553a4dd8d2723313e""]","[""hdfs:04b99e42ebaf83ea9c76"", ""hdfs:0e02810dc7f11459212d"", ""hdfs:24d48b4b64d97fe1c5d5"", ""hdfs:2e52b0d6d0226ba45cfb"", ""hdfs:2f040443abfbf1c054ef"", ""hdfs:421ac358413e4e16f22a"", ""hdfs:43ebc455948587c6c0be"", ""hdfs:48c4f89f45e5031d4d59"", ""hdfs:4c72e1a9761d95f4f0db"", ""hdfs:6605d52c85e8a1fcb1c2"", ""hdfs:746a2e37ff4ee7be97de"", ""hdfs:7deb86e453c40b03d5aa"", ""hdfs:89ee1dc1f52de1cf5770"", ""hdfs:bbeb0e7c6844b59a6994"", ""hdfs:c6dbd2337046a363b5b9"", ""hdfs:cfc3d2b05bf7ae4071b0"", ""hdfs:d27b3be4daae978af0c3"", ""hdfs:de125e1438cadba9911e"", ""hdfs:df78faeb8bf6a9ee7d14"", ""hdfs:e72013b64789fe9c627b""]"
hdfs,sentence-transformers/all-MiniLM-L6-v2,hdfs_q005,Find block transfer exceptions in HDFS.,False,0.0,0.0,0.0,0.0,0.0,0.0,0.0,18.7006,"[""hdfs:0650d3a0dce862aea121"", ""hdfs:28c6ab9320db4aba988f"", ""hdfs:fc9cc17b6b0110a7b1c7"", ""hdfs:436185e0d06a29103ec1"", ""hdfs:566b83724da114daf0c1"", ""hdfs:6bbfd03279ae92222faa"", ""hdfs:0bd2ec4010fbc582968e"", ""hdfs:82b0bbe3406c07a319f6"", ""hdfs:2b92c173009ce9788884"", ""hdfs:eeacdf29fd0507ea379b""]","[""hdfs:04b99e42ebaf83ea9c76"", ""hdfs:0e02810dc7f11459212d"", ""hdfs:158444161bb2427e1d8f"", ""hdfs:2e52b0d6d0226ba45cfb"", ""hdfs:2f040443abfbf1c054ef"", ""hdfs:421ac358413e4e16f22a"", ""hdfs:43ebc455948587c6c0be"", ""hdfs:48c4f89f45e5031d4d59"", ""hdfs:4c72e1a9761d95f4f0db"", ""hdfs:6605d52c85e8a1fcb1c2"", ""hdfs:746a2e37ff4ee7be97de"", ""hdfs:7deb86e453c40b03d5aa"", ""hdfs:89ee1dc1f52de1cf5770"", ""hdfs:bbeb0e7c6844b59a6994"", ""hdfs:c6dbd2337046a363b5b9"", ""hdfs:cfc3d2b05bf7ae4071b0"", ""hdfs:d27b3be4daae978af0c3"", ""hdfs:de125e1438cadba9911e"", ""hdfs:df78faeb8bf6a9ee7d14"", ""hdfs:e72013b64789fe9c627b""]"
hdfs,sentence-transformers/all-MiniLM-L6-v2,hdfs_q006,Are there block metadata updates in NameNode logs?,True,0.0,0.0,0.0,0.0,0.0,0.0,0.0,19.6269,"[""hdfs:b67e6b317a4170ed9d29"", ""hdfs:fc789552707d84f20c8a"", ""hdfs:d4721615421b930d5c49"", ""hdfs:9a3b31f396877f02e7fc"", ""hdfs:725c22b01034b5215abf"", ""hdfs:427fb9f3664a579fc67b"", ""hdfs:9d1431371378ee39442c"", ""hdfs:70e966c5bb238be6afce"", ""hdfs:9b84101d31154a278181"", ""hdfs:ebd5e966abfad670ad98""]","[""hdfs:04b99e42ebaf83ea9c76"", ""hdfs:0e02810dc7f11459212d"", ""hdfs:24d48b4b64d97fe1c5d5"", ""hdfs:2e52b0d6d0226ba45cfb"", ""hdfs:2f040443abfbf1c054ef"", ""hdfs:421ac358413e4e16f22a"", ""hdfs:43ebc455948587c6c0be"", ""hdfs:48c4f89f45e5031d4d59"", ""hdfs:4c72e1a9761d95f4f0db"", ""hdfs:6605d52c85e8a1fcb1c2"", ""hdfs:746a2e37ff4ee7be97de"", ""hdfs:7deb86e453c40b03d5aa"", ""hdfs:89ee1dc1f52de1cf5770"", ""hdfs:bbeb0e7c6844b59a6994"", ""hdfs:c6dbd2337046a363b5b9"", ""hdfs:cfc3d2b05bf7ae4071b0"", ""hdfs:d27b3be4daae978af0c3"", ""hdfs:de125e1438cadba9911e"", ""hdfs:df78faeb8bf6a9ee7d14"", ""hdfs:e72013b64789fe9c627b""]"
hdfs,sentence-transformers/all-MiniLM-L6-v2,hdfs_q007,Tìm exception khi DataXceiver gửi block cho client hoặc node khác.,True,0.0,0.0,0.0,0.0,0.0,0.0,0.0,18.2733,"[""hdfs:61eee199295901ddb6ee"", ""hdfs:e2481d8762e0c64de419"", ""hdfs:10841811b1045726d3dc"", ""hdfs:cd2ae2fc72987cce5939"", ""hdfs:340d6b4128a09350bc3d"", ""hdfs:fa9a39d8f611b21b6df4"", ""hdfs:3413f00957cdef10f2d6"", ""hdfs:2678af56ca76d9505f21"", ""hdfs:2908869c94cabba184ba"", ""hdfs:0d16950350dc134e9756""]","[""hdfs:04b99e42ebaf83ea9c76"", ""hdfs:0e02810dc7f11459212d"", ""hdfs:158444161bb2427e1d8f"", ""hdfs:2e52b0d6d0226ba45cfb"", ""hdfs:2f040443abfbf1c054ef"", ""hdfs:421ac358413e4e16f22a"", ""hdfs:43ebc455948587c6c0be"", ""hdfs:48c4f89f45e5031d4d59"", ""hdfs:4c72e1a9761d95f4f0db"", ""hdfs:6605d52c85e8a1fcb1c2"", ""hdfs:746a2e37ff4ee7be97de"", ""hdfs:7deb86e453c40b03d5aa"", ""hdfs:89ee1dc1f52de1cf5770"", ""hdfs:bbeb0e7c6844b59a6994"", ""hdfs:c6dbd2337046a363b5b9"", ""hdfs:cfc3d2b05bf7ae4071b0"", ""hdfs:d27b3be4daae978af0c3"", ""hdfs:de125e1438cadba9911e"", ""hdfs:df78faeb8bf6a9ee7d14"", ""hdfs:e72013b64789fe9c627b""]"
hdfs,sentence-transformers/all-MiniLM-L6-v2,hdfs_q008,Có block nào được DataNode nhận hoặc phục vụ không?,True,0.0,0.0,0.0,0.0,0.0,0.0,0.0,20.7762,"[""hdfs:24d48b4b64d97fe1c5d5"", ""hdfs:902b3b96945b3556cae6"", ""hdfs:10841811b1045726d3dc"", ""hdfs:e5af644b1a99b963dd39"", ""hdfs:2eacdb1e6a3bf7fb05f0"", ""hdfs:fa9a39d8f611b21b6df4"", ""hdfs:38a88530f5345725f77f"", ""hdfs:d9cd6dd6e56a549b5fd4"", ""hdfs:9b25faf13b9ef021ddde"", ""hdfs:6bb1b7b5249a6dffe4be""]","[""hdfs:04b99e42ebaf83ea9c76"", ""hdfs:0e02810dc7f11459212d"", ""hdfs:158444161bb2427e1d8f"", ""hdfs:2e52b0d6d0226ba45cfb"", ""hdfs:2f040443abfbf1c054ef"", ""hdfs:421ac358413e4e16f22a"", ""hdfs:43ebc455948587c6c0be"", ""hdfs:48c4f89f45e5031d4d59"", ""hdfs:4c72e1a9761d95f4f0db"", ""hdfs:6605d52c85e8a1fcb1c2"", ""hdfs:746a2e37ff4ee7be97de"", ""hdfs:7deb86e453c40b03d5aa"", ""hdfs:89ee1dc1f52de1cf5770"", ""hdfs:bbeb0e7c6844b59a6994"", ""hdfs:c6dbd2337046a363b5b9"", ""hdfs:cfc3d2b05bf7ae4071b0"", ""hdfs:d27b3be4daae978af0c3"", ""hdfs:de125e1438cadba9911e"", ""hdfs:df78faeb8bf6a9ee7d14"", ""hdfs:e72013b64789fe9c627b""]"
hdfs,sentence-transformers/all-MiniLM-L6-v2,hdfs_q010,Tìm cập nhật blockMap từ FSNamesystem.,True,0.0,0.0,0.0,0.0,0.0,0.0,0.0,27.591,"[""hdfs:0650d3a0dce862aea121"", ""hdfs:9a3b31f396877f02e7fc"", ""hdfs:fc9cc17b6b0110a7b1c7"", ""hdfs:436185e0d06a29103ec1"", ""hdfs:725c22b01034b5215abf"", ""hdfs:28c6ab9320db4aba988f"", ""hdfs:9f56fc020af32616cf62"", ""hdfs:427fb9f3664a579fc67b"", ""hdfs:c8560d0e56a0d59e47cb"", ""hdfs:b67e6b317a4170ed9d29""]","[""hdfs:24d48b4b64d97fe1c5d5""]"
hdfs,sentence-transformers/all-MiniLM-L6-v2,hdfs_q011,Có block nào được allocate cho file tạm trong HDFS không?,True,0.0,0.0,0.0,0.0,0.0,0.0,0.0,23.0584,"[""hdfs:eb0a42f27cb7b1e30144"", ""hdfs:1543f13d5645e82dbb2c"", ""hdfs:8d9acadb5a735de3eae1"", ""hdfs:02d5234823ab511094ed"", ""hdfs:5c1a4e504866c7ce4192"", ""hdfs:83deae0b31eb6a0b69fd"", ""hdfs:d07e6f78abe0cb646c24"", ""hdfs:57655aecc48bfcbe44d9"", ""hdfs:ac85f5db37c8e5a93e31"", ""hdfs:003f96c5738e33a6dea6""]","[""hdfs:24d48b4b64d97fe1c5d5""]"
hdfs,sentence-transformers/all-MiniLM-L6-v2,hdfs_q012,Tìm các cảnh báo WARN liên quan đến block serving.,False,0.0,0.0,0.0,0.0,0.0,0.0,0.0,23.6314,"[""hdfs:13c39e21be94f80f07db"", ""hdfs:ec7aa72400052d33b3e3"", ""hdfs:6a835c8d60b031460764"", ""hdfs:fe09dcbfae52bbc39a9f"", ""hdfs:659aa0e249dfd5f9e675"", ""hdfs:e365aaf65eb21f5b7189"", ""hdfs:eea7f4af92df9bdf5db9"", ""hdfs:49df124340840949b7e9"", ""hdfs:3e09ad42b630702b9f91"", ""hdfs:ef9fde192490ceb55ac7""]","[""hdfs:04b99e42ebaf83ea9c76"", ""hdfs:0e02810dc7f11459212d"", ""hdfs:158444161bb2427e1d8f"", ""hdfs:2e52b0d6d0226ba45cfb"", ""hdfs:2f040443abfbf1c054ef"", ""hdfs:421ac358413e4e16f22a"", ""hdfs:43ebc455948587c6c0be"", ""hdfs:48c4f89f45e5031d4d59"", ""hdfs:4c72e1a9761d95f4f0db"", ""hdfs:6605d52c85e8a1fcb1c2"", ""hdfs:746a2e37ff4ee7be97de"", ""hdfs:7deb86e453c40b03d5aa"", ""hdfs:89ee1dc1f52de1cf5770"", ""hdfs:bbeb0e7c6844b59a6994"", ""hdfs:c6dbd2337046a363b5b9"", ""hdfs:cfc3d2b05bf7ae4071b0"", ""hdfs:d27b3be4daae978af0c3"", ""hdfs:de125e1438cadba9911e"", ""hdfs:df78faeb8bf6a9ee7d14"", ""hdfs:e72013b64789fe9c627b""]"
hdfs,sentence-transformers/all-MiniLM-L6-v2,hdfs_q015,Có node hoặc địa chỉ nào xuất hiện khi block transfer gặp sự cố không?,True,0.0,0.0,0.0,0.0,0.0,0.0,0.0,25.1396,"[""hdfs:10841811b1045726d3dc"", ""hdfs:fa9a39d8f611b21b6df4"", ""hdfs:6bb1b7b5249a6dffe4be"", ""hdfs:902b3b96945b3556cae6"", ""hdfs:d9cd6dd6e56a549b5fd4"", ""hdfs:9b25faf13b9ef021ddde"", ""hdfs:a224dad2f477db405331"", ""hdfs:4a89b2f0710c6fc67d7f"", ""hdfs:cd2ae2fc72987cce5939"", ""hdfs:aec3f297ae6e8913829f""]","[""hdfs:04b99e42ebaf83ea9c76"", ""hdfs:0e02810dc7f11459212d"", ""hdfs:158444161bb2427e1d8f"", ""hdfs:2e52b0d6d0226ba45cfb"", ""hdfs:2f040443abfbf1c054ef"", ""hdfs:421ac358413e4e16f22a"", ""hdfs:43ebc455948587c6c0be"", ""hdfs:48c4f89f45e5031d4d59"", ""hdfs:4c72e1a9761d95f4f0db"", ""hdfs:6605d52c85e8a1fcb1c2"", ""hdfs:746a2e37ff4ee7be97de"", ""hdfs:7deb86e453c40b03d5aa"", ""hdfs:89ee1dc1f52de1cf5770"", ""hdfs:bbeb0e7c6844b59a6994"", ""hdfs:c6dbd2337046a363b5b9"", ""hdfs:cfc3d2b05bf7ae4071b0"", ""hdfs:d27b3be4daae978af0c3"", ""hdfs:de125e1438cadba9911e"", ""hdfs:df78faeb8bf6a9ee7d14"", ""hdfs:e72013b64789fe9c627b""]"
hdfs,sentence-transformers/all-MiniLM-L6-v2,hdfs_q016,Find DataXceiver warnings while serving blocks.,False,0.0,0.0,0.0,0.0,0.0,0.0,0.0,17.501,"[""hdfs:67e4819b85c5500c6a2e"", ""hdfs:e365aaf65eb21f5b7189"", ""hdfs:fa28e44d57fa9e26d8f1"", ""hdfs:0a12543701178861db59"", ""hdfs:6a835c8d60b031460764"", ""hdfs:c7f92355a254cbacf104"", ""hdfs:6dd6385f8d8a09978473"", ""hdfs:3e09ad42b630702b9f91"", ""hdfs:33b7a30867301c2d6e8d"", ""hdfs:ec7aa72400052d33b3e3""]","[""hdfs:04b99e42ebaf83ea9c76"", ""hdfs:0e02810dc7f11459212d"", ""hdfs:158444161bb2427e1d8f"", ""hdfs:2e52b0d6d0226ba45cfb"", ""hdfs:2f040443abfbf1c054ef"", ""hdfs:421ac358413e4e16f22a"", ""hdfs:43ebc455948587c6c0be"", ""hdfs:48c4f89f45e5031d4d59"", ""hdfs:4c72e1a9761d95f4f0db"", ""hdfs:6605d52c85e8a1fcb1c2"", ""hdfs:746a2e37ff4ee7be97de"", ""hdfs:7deb86e453c40b03d5aa"", ""hdfs:89ee1dc1f52de1cf5770"", ""hdfs:bbeb0e7c6844b59a6994"", ""hdfs:c6dbd2337046a363b5b9"", ""hdfs:cfc3d2b05bf7ae4071b0"", ""hdfs:d27b3be4daae978af0c3"", ""hdfs:de125e1438cadba9911e"", ""hdfs:df78faeb8bf6a9ee7d14"", ""hdfs:e72013b64789fe9c627b""]"
hdfs,sentence-transformers/all-MiniLM-L6-v2,hdfs_q017,Find FSNamesystem records that update block locations.,True,0.0,0.0,0.0,0.0,0.0,0.0,0.0,18.424,"[""hdfs:0650d3a0dce862aea121"", ""hdfs:28c6ab9320db4aba988f"", ""hdfs:b67e6b317a4170ed9d29"", ""hdfs:ebd5e966abfad670ad98"", ""hdfs:c8560d0e56a0d59e47cb"", ""hdfs:a704243fd295bcb23fa3"", ""hdfs:7bcff6aec94f8ebf624c"", ""hdfs:c1ea81afe9734a40893f"", ""hdfs:fc9cc17b6b0110a7b1c7"", ""hdfs:fc789552707d84f20c8a""]","[""hdfs:24d48b4b64d97fe1c5d5""]"
hdfs,sentence-transformers/all-MiniLM-L6-v2,hdfs_q021,Có dấu hiệu block pipeline bị gián đoạn khi phục vụ dữ liệu không?,False,0.0,0.0,0.0,0.0,0.0,0.0,0.0,21.8887,"[""hdfs:dcab2bc2d4b64bc0942a"", ""hdfs:9b6843a95f0a0f3a4646"", ""hdfs:a2bed371648f3f22a5b1"", ""hdfs:936ed03b7cb0477fa6b9"", ""hdfs:0cfea1694a29ca61368e"", ""hdfs:bd4f6c0bb00518eb5c1c"", ""hdfs:e5af644b1a99b963dd39"", ""hdfs:2eacdb1e6a3bf7fb05f0"", ""hdfs:902b3b96945b3556cae6"", ""hdfs:13c39e21be94f80f07db""]","[""hdfs:04b99e42ebaf83ea9c76"", ""hdfs:0e02810dc7f11459212d"", ""hdfs:158444161bb2427e1d8f"", ""hdfs:2e52b0d6d0226ba45cfb"", ""hdfs:2f040443abfbf1c054ef"", ""hdfs:421ac358413e4e16f22a"", ""hdfs:43ebc455948587c6c0be"", ""hdfs:48c4f89f45e5031d4d59"", ""hdfs:4c72e1a9761d95f4f0db"", ""hdfs:6605d52c85e8a1fcb1c2"", ""hdfs:746a2e37ff4ee7be97de"", ""hdfs:7deb86e453c40b03d5aa"", ""hdfs:89ee1dc1f52de1cf5770"", ""hdfs:bbeb0e7c6844b59a6994"", ""hdfs:c6dbd2337046a363b5b9"", ""hdfs:cfc3d2b05bf7ae4071b0"", ""hdfs:d27b3be4daae978af0c3"", ""hdfs:de125e1438cadba9911e"", ""hdfs:df78faeb8bf6a9ee7d14"", ""hdfs:e72013b64789fe9c627b""]"
hdfs,sentence-transformers/all-MiniLM-L6-v2,hdfs_q022,Tìm các log về block replication hoặc vị trí block được cập nhật.,True,0.0,0.0,0.0,0.0,0.0,0.0,0.0,19.6719,"[""hdfs:902b3b96945b3556cae6"", ""hdfs:10841811b1045726d3dc"", ""hdfs:fa9a39d8f611b21b6df4"", ""hdfs:2281f2d457a0278341d5"", ""hdfs:6559b224449ce56c72bf"", ""hdfs:4a89b2f0710c6fc67d7f"", ""hdfs:d9cd6dd6e56a549b5fd4"", ""hdfs:cd2ae2fc72987cce5939"", ""hdfs:da402743063ce590fcf0"", ""hdfs:ecdd103834b2b5326c0a""]","[""hdfs:04b99e42ebaf83ea9c76"", ""hdfs:0e02810dc7f11459212d"", ""hdfs:24d48b4b64d97fe1c5d5"", ""hdfs:2e52b0d6d0226ba45cfb"", ""hdfs:2f040443abfbf1c054ef"", ""hdfs:421ac358413e4e16f22a"", ""hdfs:43ebc455948587c6c0be"", ""hdfs:48c4f89f45e5031d4d59"", ""hdfs:4c72e1a9761d95f4f0db"", ""hdfs:6605d52c85e8a1fcb1c2"", ""hdfs:746a2e37ff4ee7be97de"", ""hdfs:7deb86e453c40b03d5aa"", ""hdfs:89ee1dc1f52de1cf5770"", ""hdfs:bbeb0e7c6844b59a6994"", ""hdfs:c6dbd2337046a363b5b9"", ""hdfs:cfc3d2b05bf7ae4071b0"", ""hdfs:d27b3be4daae978af0c3"", ""hdfs:de125e1438cadba9911e"", ""hdfs:df78faeb8bf6a9ee7d14"", ""hdfs:e72013b64789fe9c627b""]"
hdfs,sentence-transformers/all-MiniLM-L6-v2,hdfs_q023,Node nào có dấu hiệu gặp lỗi lặp lại khi phục vụ block?,True,0.0,0.0,0.0,0.0,0.0,0.0,0.0,19.6274,"[""hdfs:2eacdb1e6a3bf7fb05f0"", ""hdfs:936ed03b7cb0477fa6b9"", ""hdfs:7d30d6e59accf944eeda"", ""hdfs:410de92d704abec2ca00"", ""hdfs:f683ff736aa31e7b867c"", ""hdfs:48af1d69635d0ebad766"", ""hdfs:99c9802a82297289eeee"", ""hdfs:c934a735924a9a3df6ae"", ""hdfs:4715ac8f34f5439535cc"", ""hdfs:dd4460e8f43f6f99912d""]","[""hdfs:04b99e42ebaf83ea9c76"", ""hdfs:0e02810dc7f11459212d"", ""hdfs:158444161bb2427e1d8f"", ""hdfs:2e52b0d6d0226ba45cfb"", ""hdfs:2f040443abfbf1c054ef"", ""hdfs:421ac358413e4e16f22a"", ""hdfs:43ebc455948587c6c0be"", ""hdfs:48c4f89f45e5031d4d59"", ""hdfs:4c72e1a9761d95f4f0db"", ""hdfs:6605d52c85e8a1fcb1c2"", ""hdfs:746a2e37ff4ee7be97de"", ""hdfs:7deb86e453c40b03d5aa"", ""hdfs:89ee1dc1f52de1cf5770"", ""hdfs:bbeb0e7c6844b59a6994"", ""hdfs:c6dbd2337046a363b5b9"", ""hdfs:cfc3d2b05bf7ae4071b0"", ""hdfs:d27b3be4daae978af0c3"", ""hdfs:de125e1438cadba9911e"", ""hdfs:df78faeb8bf6a9ee7d14"", ""hdfs:e72013b64789fe9c627b""]"
hdfs,sentence-transformers/all-MiniLM-L6-v2,hdfs_q024,Có chuỗi sự kiện nào từ nhận block đến responder kết thúc không?,True,0.0,0.0,0.0,0.0,0.0,0.0,0.0,22.7123,"[""hdfs:10841811b1045726d3dc"", ""hdfs:902b3b96945b3556cae6"", ""hdfs:aec3f297ae6e8913829f"", ""hdfs:fa9a39d8f611b21b6df4"", ""hdfs:2eacdb1e6a3bf7fb05f0"", ""hdfs:61eee199295901ddb6ee"", ""hdfs:9d72902b56d47828eba1"", ""hdfs:f8cc15469b34ff131f8f"", ""hdfs:f683ff736aa31e7b867c"", ""hdfs:6559b224449ce56c72bf""]","[""hdfs:04b99e42ebaf83ea9c76"", ""hdfs:0e02810dc7f11459212d"", ""hdfs:24d48b4b64d97fe1c5d5"", ""hdfs:2e52b0d6d0226ba45cfb"", ""hdfs:2f040443abfbf1c054ef"", ""hdfs:421ac358413e4e16f22a"", ""hdfs:43ebc455948587c6c0be"", ""hdfs:48c4f89f45e5031d4d59"", ""hdfs:4c72e1a9761d95f4f0db"", ""hdfs:6605d52c85e8a1fcb1c2"", ""hdfs:746a2e37ff4ee7be97de"", ""hdfs:7deb86e453c40b03d5aa"", ""hdfs:89ee1dc1f52de1cf5770"", ""hdfs:bbeb0e7c6844b59a6994"", ""hdfs:c6dbd2337046a363b5b9"", ""hdfs:cfc3d2b05bf7ae4071b0"", ""hdfs:d27b3be4daae978af0c3"", ""hdfs:de125e1438cadba9911e"", ""hdfs:df78faeb8bf6a9ee7d14"", ""hdfs:e72013b64789fe9c627b""]"
hdfs,sentence-transformers/all-MiniLM-L6-v2,hdfs_q025,Tìm bằng chứng blockMap thay đổi quanh các block có sự cố.,True,0.0,0.0,0.0,0.0,0.0,0.0,0.0,28.9017,"[""hdfs:e5af644b1a99b963dd39"", ""hdfs:2eacdb1e6a3bf7fb05f0"", ""hdfs:4a89b2f0710c6fc67d7f"", ""hdfs:902b3b96945b3556cae6"", ""hdfs:6559b224449ce56c72bf"", ""hdfs:10841811b1045726d3dc"", ""hdfs:6a835c8d60b031460764"", ""hdfs:aec3f297ae6e8913829f"", ""hdfs:9b25faf13b9ef021ddde"", ""hdfs:9d72902b56d47828eba1""]","[""hdfs:24d48b4b64d97fe1c5d5""]"
hdfs,sentence-transformers/all-MiniLM-L6-v2,hdfs_q027,Which logs suggest HDFS block serving is unreliable?,True,0.0,0.0,0.0,0.0,0.0,0.0,0.0,23.7385,"[""hdfs:948be1ec1a7f5d6d41d2"", ""hdfs:c1c2f68719dfd0ddbf94"", ""hdfs:ffb2d030644d69abb56e"", ""hdfs:78f9809446736099cb70"", ""hdfs:1ffc533a30be0cd3c27f"", ""hdfs:350eea917c25a1044f98"", ""hdfs:438c10611d9ed09cfec3"", ""hdfs:ed665c709b6acb3dc9bc"", ""hdfs:3ec5b234d752b9c8fae2"", ""hdfs:68f4834a8e78c8c02b44""]","[""hdfs:04b99e42ebaf83ea9c76"", ""hdfs:0e02810dc7f11459212d"", ""hdfs:158444161bb2427e1d8f"", ""hdfs:2e52b0d6d0226ba45cfb"", ""hdfs:2f040443abfbf1c054ef"", ""hdfs:421ac358413e4e16f22a"", ""hdfs:43ebc455948587c6c0be"", ""hdfs:48c4f89f45e5031d4d59"", ""hdfs:4c72e1a9761d95f4f0db"", ""hdfs:6605d52c85e8a1fcb1c2"", ""hdfs:746a2e37ff4ee7be97de"", ""hdfs:7deb86e453c40b03d5aa"", ""hdfs:89ee1dc1f52de1cf5770"", ""hdfs:bbeb0e7c6844b59a6994"", ""hdfs:c6dbd2337046a363b5b9"", ""hdfs:cfc3d2b05bf7ae4071b0"", ""hdfs:d27b3be4daae978af0c3"", ""hdfs:de125e1438cadba9911e"", ""hdfs:df78faeb8bf6a9ee7d14"", ""hdfs:e72013b64789fe9c627b""]"
hdfs,sentence-transformers/all-MiniLM-L6-v2,hdfs_q028,Find evidence of repeated block movement across DataNodes.,True,1.0,1.0,1.0,1.0,0.2,0.05,1.0,20.872,"[""hdfs:24d48b4b64d97fe1c5d5"", ""hdfs:3ddca8c9cd504600de11"", ""hdfs:3bff25a478ab988673b4"", ""hdfs:2cc900bf5bf704495a34"", ""hdfs:1a3e485ff26af94b6749"", ""hdfs:10841811b1045726d3dc"", ""hdfs:38a88530f5345725f77f"", ""hdfs:ae5599df04bf833e39c7"", ""hdfs:8227ae2b8cc4a07c01af"", ""hdfs:f82d645192df3186b60d""]","[""hdfs:04b99e42ebaf83ea9c76"", ""hdfs:0e02810dc7f11459212d"", ""hdfs:24d48b4b64d97fe1c5d5"", ""hdfs:2e52b0d6d0226ba45cfb"", ""hdfs:2f040443abfbf1c054ef"", ""hdfs:421ac358413e4e16f22a"", ""hdfs:43ebc455948587c6c0be"", ""hdfs:48c4f89f45e5031d4d59"", ""hdfs:4c72e1a9761d95f4f0db"", ""hdfs:6605d52c85e8a1fcb1c2"", ""hdfs:746a2e37ff4ee7be97de"", ""hdfs:7deb86e453c40b03d5aa"", ""hdfs:89ee1dc1f52de1cf5770"", ""hdfs:bbeb0e7c6844b59a6994"", ""hdfs:c6dbd2337046a363b5b9"", ""hdfs:cfc3d2b05bf7ae4071b0"", ""hdfs:d27b3be4daae978af0c3"", ""hdfs:de125e1438cadba9911e"", ""hdfs:df78faeb8bf6a9ee7d14"", ""hdfs:e72013b64789fe9c627b""]"
hdfs,sentence-transformers/all-MiniLM-L6-v2,hdfs_q029,"Có bất thường nào liên quan cùng lúc đến node, IP và block id không?",True,0.0,0.0,0.0,0.0,0.0,0.0,0.0,18.3582,"[""hdfs:e5af644b1a99b963dd39"", ""hdfs:243b9f2f1e4f2c550fa9"", ""hdfs:2eacdb1e6a3bf7fb05f0"", ""hdfs:6a835c8d60b031460764"", ""hdfs:bd4f6c0bb00518eb5c1c"", ""hdfs:4715ac8f34f5439535cc"", ""hdfs:ec7aa72400052d33b3e3"", ""hdfs:b044dc14615c70daf59d"", ""hdfs:e365aaf65eb21f5b7189"", ""hdfs:0195f3f4e4fe96548a0e""]","[""hdfs:04b99e42ebaf83ea9c76"", ""hdfs:0e02810dc7f11459212d"", ""hdfs:158444161bb2427e1d8f"", ""hdfs:2e52b0d6d0226ba45cfb"", ""hdfs:2f040443abfbf1c054ef"", ""hdfs:421ac358413e4e16f22a"", ""hdfs:43ebc455948587c6c0be"", ""hdfs:48c4f89f45e5031d4d59"", ""hdfs:4c72e1a9761d95f4f0db"", ""hdfs:6605d52c85e8a1fcb1c2"", ""hdfs:746a2e37ff4ee7be97de"", ""hdfs:7deb86e453c40b03d5aa"", ""hdfs:89ee1dc1f52de1cf5770"", ""hdfs:bbeb0e7c6844b59a6994"", ""hdfs:c6dbd2337046a363b5b9"", ""hdfs:cfc3d2b05bf7ae4071b0"", ""hdfs:d27b3be4daae978af0c3"", ""hdfs:de125e1438cadba9911e"", ""hdfs:df78faeb8bf6a9ee7d14"", ""hdfs:e72013b64789fe9c627b""]"
hdfs,sentence-transformers/all-MiniLM-L6-v2,hdfs_q030,Có dấu hiệu tổng quan nào cho thấy HDFS storage layer không khỏe không?,True,0.0,0.0,0.0,0.0,0.0,0.0,0.0,21.6874,"[""hdfs:eb0a42f27cb7b1e30144"", ""hdfs:8d9acadb5a735de3eae1"", ""hdfs:438c10611d9ed09cfec3"", ""hdfs:d07e6f78abe0cb646c24"", ""hdfs:c4ddd97325213c54774e"", ""hdfs:9a6363cbe1750009df19"", ""hdfs:efa4489bcfa7baa85809"", ""hdfs:83deae0b31eb6a0b69fd"", ""hdfs:7c45c054e20bad8651bd"", ""hdfs:ac85f5db37c8e5a93e31""]","[""hdfs:04b99e42ebaf83ea9c76"", ""hdfs:0e02810dc7f11459212d"", ""hdfs:24d48b4b64d97fe1c5d5"", ""hdfs:2e52b0d6d0226ba45cfb"", ""hdfs:2f040443abfbf1c054ef"", ""hdfs:421ac358413e4e16f22a"", ""hdfs:43ebc455948587c6c0be"", ""hdfs:48c4f89f45e5031d4d59"", ""hdfs:4c72e1a9761d95f4f0db"", ""hdfs:6605d52c85e8a1fcb1c2"", ""hdfs:746a2e37ff4ee7be97de"", ""hdfs:7deb86e453c40b03d5aa"", ""hdfs:89ee1dc1f52de1cf5770"", ""hdfs:bbeb0e7c6844b59a6994"", ""hdfs:c6dbd2337046a363b5b9"", ""hdfs:cfc3d2b05bf7ae4071b0"", ""hdfs:d27b3be4daae978af0c3"", ""hdfs:de125e1438cadba9911e"", ""hdfs:df78faeb8bf6a9ee7d14"", ""hdfs:e72013b64789fe9c627b""]"
hdfs,intfloat/multilingual-e5-base,hdfs_q001,Có lỗi nào khi DataNode phục vụ block không?,False,0.0,0.0,0.0,1.0,0.0,0.0,0.14285714285714285,63.8552,"[""hdfs:24d48b4b64d97fe1c5d5"", ""hdfs:a116a85e88c596af9fb7"", ""hdfs:3d0da8830b5d5582635a"", ""hdfs:7c973f929e1401743412"", ""hdfs:96f461f272cede6bf920"", ""hdfs:eb0a42f27cb7b1e30144"", ""hdfs:d27b3be4daae978af0c3"", ""hdfs:9bcd7016c81423d3fcfa"", ""hdfs:be830782e767ae2163cf"", ""hdfs:b0c5b7877ee000e81d11""]","[""hdfs:04b99e42ebaf83ea9c76"", ""hdfs:0e02810dc7f11459212d"", ""hdfs:158444161bb2427e1d8f"", ""hdfs:2e52b0d6d0226ba45cfb"", ""hdfs:2f040443abfbf1c054ef"", ""hdfs:421ac358413e4e16f22a"", ""hdfs:43ebc455948587c6c0be"", ""hdfs:48c4f89f45e5031d4d59"", ""hdfs:4c72e1a9761d95f4f0db"", ""hdfs:6605d52c85e8a1fcb1c2"", ""hdfs:746a2e37ff4ee7be97de"", ""hdfs:7deb86e453c40b03d5aa"", ""hdfs:89ee1dc1f52de1cf5770"", ""hdfs:bbeb0e7c6844b59a6994"", ""hdfs:c6dbd2337046a363b5b9"", ""hdfs:cfc3d2b05bf7ae4071b0"", ""hdfs:d27b3be4daae978af0c3"", ""hdfs:de125e1438cadba9911e"", ""hdfs:df78faeb8bf6a9ee7d14"", ""hdfs:e72013b64789fe9c627b""]"
hdfs,intfloat/multilingual-e5-base,hdfs_q002,Có block nào được ghi nhận hoặc cập nhật trong HDFS không?,True,0.0,0.0,0.0,0.0,0.0,0.0,0.0,61.1405,"[""hdfs:befe3bde2e444fd19003"", ""hdfs:6c472936940ed1095edb"", ""hdfs:7c973f929e1401743412"", ""hdfs:abef3f26e61fca09248f"", ""hdfs:ffb2d030644d69abb56e"", ""hdfs:a116a85e88c596af9fb7"", ""hdfs:19445c4b60ea11d02829"", ""hdfs:1e6c028d1648598098c6"", ""hdfs:3d7d1da5de4c60c12326"", ""hdfs:aba16f1c96c89778639a""]","[""hdfs:04b99e42ebaf83ea9c76"", ""hdfs:0e02810dc7f11459212d"", ""hdfs:24d48b4b64d97fe1c5d5"", ""hdfs:2e52b0d6d0226ba45cfb"", ""hdfs:2f040443abfbf1c054ef"", ""hdfs:421ac358413e4e16f22a"", ""hdfs:43ebc455948587c6c0be"", ""hdfs:48c4f89f45e5031d4d59"", ""hdfs:4c72e1a9761d95f4f0db"", ""hdfs:6605d52c85e8a1fcb1c2"", ""hdfs:746a2e37ff4ee7be97de"", ""hdfs:7deb86e453c40b03d5aa"", ""hdfs:89ee1dc1f52de1cf5770"", ""hdfs:bbeb0e7c6844b59a6994"", ""hdfs:c6dbd2337046a363b5b9"", ""hdfs:cfc3d2b05bf7ae4071b0"", ""hdfs:d27b3be4daae978af0c3"", ""hdfs:de125e1438cadba9911e"", ""hdfs:df78faeb8bf6a9ee7d14"", ""hdfs:e72013b64789fe9c627b""]"
hdfs,intfloat/multilingual-e5-base,hdfs_q003,Có node nào liên quan đến truyền dữ liệu block không?,True,0.0,0.0,0.0,0.0,0.0,0.0,0.0,59.7291,"[""hdfs:100ab5b0775e9aff04e8"", ""hdfs:dd1532d2a634e4009e29"", ""hdfs:187a78bab30e05e8df34"", ""hdfs:b46fab70de8b8dfcbf9c"", ""hdfs:edab4243b6eaba39d9d2"", ""hdfs:71ab89946066b9020515"", ""hdfs:c5b4a73fb4b56a30ae51"", ""hdfs:ba125ea03ccb9118d8ba"", ""hdfs:1d622d39f795d375115a"", ""hdfs:267e88a6e50e5889f35a""]","[""hdfs:04b99e42ebaf83ea9c76"", ""hdfs:0e02810dc7f11459212d"", ""hdfs:24d48b4b64d97fe1c5d5"", ""hdfs:2e52b0d6d0226ba45cfb"", ""hdfs:2f040443abfbf1c054ef"", ""hdfs:421ac358413e4e16f22a"", ""hdfs:43ebc455948587c6c0be"", ""hdfs:48c4f89f45e5031d4d59"", ""hdfs:4c72e1a9761d95f4f0db"", ""hdfs:6605d52c85e8a1fcb1c2"", ""hdfs:746a2e37ff4ee7be97de"", ""hdfs:7deb86e453c40b03d5aa"", ""hdfs:89ee1dc1f52de1cf5770"", ""hdfs:bbeb0e7c6844b59a6994"", ""hdfs:c6dbd2337046a363b5b9"", ""hdfs:cfc3d2b05bf7ae4071b0"", ""hdfs:d27b3be4daae978af0c3"", ""hdfs:de125e1438cadba9911e"", ""hdfs:df78faeb8bf6a9ee7d14"", ""hdfs:e72013b64789fe9c627b""]"
hdfs,intfloat/multilingual-e5-base,hdfs_q005,Find block transfer exceptions in HDFS.,False,0.0,0.0,0.0,0.0,0.0,0.0,0.0,57.1412,"[""hdfs:7c973f929e1401743412"", ""hdfs:93d1308c52cdf551ce95"", ""hdfs:befe3bde2e444fd19003"", ""hdfs:8ca960d72ecf608e7e34"", ""hdfs:59facbeed040bcc9f864"", ""hdfs:83edee021f1dc74134c4"", ""hdfs:6c472936940ed1095edb"", ""hdfs:8d9acadb5a735de3eae1"", ""hdfs:12e076a44018310e0a9b"", ""hdfs:fc6d8436f32ae72c2dcb""]","[""hdfs:04b99e42ebaf83ea9c76"", ""hdfs:0e02810dc7f11459212d"", ""hdfs:158444161bb2427e1d8f"", ""hdfs:2e52b0d6d0226ba45cfb"", ""hdfs:2f040443abfbf1c054ef"", ""hdfs:421ac358413e4e16f22a"", ""hdfs:43ebc455948587c6c0be"", ""hdfs:48c4f89f45e5031d4d59"", ""hdfs:4c72e1a9761d95f4f0db"", ""hdfs:6605d52c85e8a1fcb1c2"", ""hdfs:746a2e37ff4ee7be97de"", ""hdfs:7deb86e453c40b03d5aa"", ""hdfs:89ee1dc1f52de1cf5770"", ""hdfs:bbeb0e7c6844b59a6994"", ""hdfs:c6dbd2337046a363b5b9"", ""hdfs:cfc3d2b05bf7ae4071b0"", ""hdfs:d27b3be4daae978af0c3"", ""hdfs:de125e1438cadba9911e"", ""hdfs:df78faeb8bf6a9ee7d14"", ""hdfs:e72013b64789fe9c627b""]"
hdfs,intfloat/multilingual-e5-base,hdfs_q006,Are there block metadata updates in NameNode logs?,True,0.0,0.0,0.0,0.0,0.0,0.0,0.0,55.5819,"[""hdfs:c36e467a221ee3584bfc"", ""hdfs:fa1f8c6a704fd4a0090d"", ""hdfs:ce05533472e58a414bc1"", ""hdfs:2f091c3d776ae1a4e122"", ""hdfs:d0150db414e6cd80301d"", ""hdfs:b0dd6c1bbe96d8288524"", ""hdfs:59113140a8808cd20d58"", ""hdfs:7de02e75f1645b93bb33"", ""hdfs:59fc195d29cdfe0b0f41"", ""hdfs:39ff2fb99a65590440a7""]","[""hdfs:04b99e42ebaf83ea9c76"", ""hdfs:0e02810dc7f11459212d"", ""hdfs:24d48b4b64d97fe1c5d5"", ""hdfs:2e52b0d6d0226ba45cfb"", ""hdfs:2f040443abfbf1c054ef"", ""hdfs:421ac358413e4e16f22a"", ""hdfs:43ebc455948587c6c0be"", ""hdfs:48c4f89f45e5031d4d59"", ""hdfs:4c72e1a9761d95f4f0db"", ""hdfs:6605d52c85e8a1fcb1c2"", ""hdfs:746a2e37ff4ee7be97de"", ""hdfs:7deb86e453c40b03d5aa"", ""hdfs:89ee1dc1f52de1cf5770"", ""hdfs:bbeb0e7c6844b59a6994"", ""hdfs:c6dbd2337046a363b5b9"", ""hdfs:cfc3d2b05bf7ae4071b0"", ""hdfs:d27b3be4daae978af0c3"", ""hdfs:de125e1438cadba9911e"", ""hdfs:df78faeb8bf6a9ee7d14"", ""hdfs:e72013b64789fe9c627b""]"
hdfs,intfloat/multilingual-e5-base,hdfs_q007,Tìm exception khi DataXceiver gửi block cho client hoặc node khác.,True,1.0,1.0,1.0,1.0,0.2,0.05,1.0,67.9716,"[""hdfs:d27b3be4daae978af0c3"", ""hdfs:5477966d918b57592091"", ""hdfs:96f461f272cede6bf920"", ""hdfs:b46fab70de8b8dfcbf9c"", ""hdfs:a56f67d954272422f773"", ""hdfs:f24af91e892e68e51109"", ""hdfs:4610382ea345e21d3475"", ""hdfs:aacf82eca45d99d5d5da"", ""hdfs:6105f5c38c86514cfbb0"", ""hdfs:2b34c61bbc033b126489""]","[""hdfs:04b99e42ebaf83ea9c76"", ""hdfs:0e02810dc7f11459212d"", ""hdfs:158444161bb2427e1d8f"", ""hdfs:2e52b0d6d0226ba45cfb"", ""hdfs:2f040443abfbf1c054ef"", ""hdfs:421ac358413e4e16f22a"", ""hdfs:43ebc455948587c6c0be"", ""hdfs:48c4f89f45e5031d4d59"", ""hdfs:4c72e1a9761d95f4f0db"", ""hdfs:6605d52c85e8a1fcb1c2"", ""hdfs:746a2e37ff4ee7be97de"", ""hdfs:7deb86e453c40b03d5aa"", ""hdfs:89ee1dc1f52de1cf5770"", ""hdfs:bbeb0e7c6844b59a6994"", ""hdfs:c6dbd2337046a363b5b9"", ""hdfs:cfc3d2b05bf7ae4071b0"", ""hdfs:d27b3be4daae978af0c3"", ""hdfs:de125e1438cadba9911e"", ""hdfs:df78faeb8bf6a9ee7d14"", ""hdfs:e72013b64789fe9c627b""]"
hdfs,intfloat/multilingual-e5-base,hdfs_q008,Có block nào được DataNode nhận hoặc phục vụ không?,True,0.0,0.0,0.0,0.0,0.0,0.0,0.0,58.9003,"[""hdfs:c995321d2e1bd554ddb4"", ""hdfs:24d48b4b64d97fe1c5d5"", ""hdfs:4610382ea345e21d3475"", ""hdfs:2b34c61bbc033b126489"", ""hdfs:71ab89946066b9020515"", ""hdfs:1a3e485ff26af94b6749"", ""hdfs:24f4d67c04ef780843b0"", ""hdfs:bcaaebec72e0ff4f4d3e"", ""hdfs:267e88a6e50e5889f35a"", ""hdfs:6f30dd1f1d3611571111""]","[""hdfs:04b99e42ebaf83ea9c76"", ""hdfs:0e02810dc7f11459212d"", ""hdfs:158444161bb2427e1d8f"", ""hdfs:2e52b0d6d0226ba45cfb"", ""hdfs:2f040443abfbf1c054ef"", ""hdfs:421ac358413e4e16f22a"", ""hdfs:43ebc455948587c6c0be"", ""hdfs:48c4f89f45e5031d4d59"", ""hdfs:4c72e1a9761d95f4f0db"", ""hdfs:6605d52c85e8a1fcb1c2"", ""hdfs:746a2e37ff4ee7be97de"", ""hdfs:7deb86e453c40b03d5aa"", ""hdfs:89ee1dc1f52de1cf5770"", ""hdfs:bbeb0e7c6844b59a6994"", ""hdfs:c6dbd2337046a363b5b9"", ""hdfs:cfc3d2b05bf7ae4071b0"", ""hdfs:d27b3be4daae978af0c3"", ""hdfs:de125e1438cadba9911e"", ""hdfs:df78faeb8bf6a9ee7d14"", ""hdfs:e72013b64789fe9c627b""]"
hdfs,intfloat/multilingual-e5-base,hdfs_q010,Tìm cập nhật blockMap từ FSNamesystem.,True,0.0,0.0,0.0,0.0,0.0,0.0,0.0,57.3922,"[""hdfs:eeacdf29fd0507ea379b"", ""hdfs:4a21cd18e0a8ac7df4ed"", ""hdfs:06d254d6796455f2b929"", ""hdfs:42c79c181da95e8feae3"", ""hdfs:58fd7132daf67c66c108"", ""hdfs:d0150db414e6cd80301d"", ""hdfs:3278b1c55f512b368729"", ""hdfs:39ff2fb99a65590440a7"", ""hdfs:c36e467a221ee3584bfc"", ""hdfs:18f599d699ad8fc4528a""]","[""hdfs:24d48b4b64d97fe1c5d5""]"
hdfs,intfloat/multilingual-e5-base,hdfs_q011,Có block nào được allocate cho file tạm trong HDFS không?,True,0.0,0.0,0.0,0.0,0.0,0.0,0.0,73.9103,"[""hdfs:657bcc5bd2a3301f216b"", ""hdfs:451b18a6b9925e415a16"", ""hdfs:75a285c8cab5e8ec8e17"", ""hdfs:a1b39cb6f0787eb54ac1"", ""hdfs:bc213310687aaa215c0e"", ""hdfs:ce3eef07b685a78af9fd"", ""hdfs:20e12390f4674e3a11f4"", ""hdfs:eecad24f0bf083fe8a32"", ""hdfs:349e63b558aaed80c62f"", ""hdfs:db275918da4c67cde81b""]","[""hdfs:24d48b4b64d97fe1c5d5""]"
hdfs,intfloat/multilingual-e5-base,hdfs_q012,Tìm các cảnh báo WARN liên quan đến block serving.,False,0.0,0.0,0.0,1.0,0.0,0.0,0.14285714285714285,100.8614,"[""hdfs:8c74c3ad55d23c4a3262"", ""hdfs:936ed03b7cb0477fa6b9"", ""hdfs:99f901c225d3707ec099"", ""hdfs:c15ea7bbc0cdbfe11f17"", ""hdfs:d6826137254b77fd38d2"", ""hdfs:a53765b5b0c562a9710b"", ""hdfs:d27b3be4daae978af0c3"", ""hdfs:13c39e21be94f80f07db"", ""hdfs:0cfea1694a29ca61368e"", ""hdfs:fa28e44d57fa9e26d8f1""]","[""hdfs:04b99e42ebaf83ea9c76"", ""hdfs:0e02810dc7f11459212d"", ""hdfs:158444161bb2427e1d8f"", ""hdfs:2e52b0d6d0226ba45cfb"", ""hdfs:2f040443abfbf1c054ef"", ""hdfs:421ac358413e4e16f22a"", ""hdfs:43ebc455948587c6c0be"", ""hdfs:48c4f89f45e5031d4d59"", ""hdfs:4c72e1a9761d95f4f0db"", ""hdfs:6605d52c85e8a1fcb1c2"", ""hdfs:746a2e37ff4ee7be97de"", ""hdfs:7deb86e453c40b03d5aa"", ""hdfs:89ee1dc1f52de1cf5770"", ""hdfs:bbeb0e7c6844b59a6994"", ""hdfs:c6dbd2337046a363b5b9"", ""hdfs:cfc3d2b05bf7ae4071b0"", ""hdfs:d27b3be4daae978af0c3"", ""hdfs:de125e1438cadba9911e"", ""hdfs:df78faeb8bf6a9ee7d14"", ""hdfs:e72013b64789fe9c627b""]"
hdfs,intfloat/multilingual-e5-base,hdfs_q015,Có node hoặc địa chỉ nào xuất hiện khi block transfer gặp sự cố không?,True,0.0,0.0,0.0,0.0,0.0,0.0,0.0,78.0103,"[""hdfs:96f461f272cede6bf920"", ""hdfs:609b83a79b31deffed12"", ""hdfs:ea46ef0607fd50f3206d"", ""hdfs:267e88a6e50e5889f35a"", ""hdfs:4ce86a5eca4d00577cbf"", ""hdfs:71ab89946066b9020515"", ""hdfs:f6dd47cddbdc2d461cb6"", ""hdfs:ff88c230176bf4a60de3"", ""hdfs:7e237b1ebc4e6435f3c8"", ""hdfs:9e0b8e8df7f1f1de43f1""]","[""hdfs:04b99e42ebaf83ea9c76"", ""hdfs:0e02810dc7f11459212d"", ""hdfs:158444161bb2427e1d8f"", ""hdfs:2e52b0d6d0226ba45cfb"", ""hdfs:2f040443abfbf1c054ef"", ""hdfs:421ac358413e4e16f22a"", ""hdfs:43ebc455948587c6c0be"", ""hdfs:48c4f89f45e5031d4d59"", ""hdfs:4c72e1a9761d95f4f0db"", ""hdfs:6605d52c85e8a1fcb1c2"", ""hdfs:746a2e37ff4ee7be97de"", ""hdfs:7deb86e453c40b03d5aa"", ""hdfs:89ee1dc1f52de1cf5770"", ""hdfs:bbeb0e7c6844b59a6994"", ""hdfs:c6dbd2337046a363b5b9"", ""hdfs:cfc3d2b05bf7ae4071b0"", ""hdfs:d27b3be4daae978af0c3"", ""hdfs:de125e1438cadba9911e"", ""hdfs:df78faeb8bf6a9ee7d14"", ""hdfs:e72013b64789fe9c627b""]"
hdfs,intfloat/multilingual-e5-base,hdfs_q016,Find DataXceiver warnings while serving blocks.,False,0.0,0.0,0.0,0.0,0.0,0.0,0.0,61.0812,"[""hdfs:936ed03b7cb0477fa6b9"", ""hdfs:10841811b1045726d3dc"", ""hdfs:a53765b5b0c562a9710b"", ""hdfs:fa9a39d8f611b21b6df4"", ""hdfs:4610382ea345e21d3475"", ""hdfs:3f16d5e0f981468799be"", ""hdfs:bd4f6c0bb00518eb5c1c"", ""hdfs:f82d645192df3186b60d"", ""hdfs:bcaaebec72e0ff4f4d3e"", ""hdfs:8c74c3ad55d23c4a3262""]","[""hdfs:04b99e42ebaf83ea9c76"", ""hdfs:0e02810dc7f11459212d"", ""hdfs:158444161bb2427e1d8f"", ""hdfs:2e52b0d6d0226ba45cfb"", ""hdfs:2f040443abfbf1c054ef"", ""hdfs:421ac358413e4e16f22a"", ""hdfs:43ebc455948587c6c0be"", ""hdfs:48c4f89f45e5031d4d59"", ""hdfs:4c72e1a9761d95f4f0db"", ""hdfs:6605d52c85e8a1fcb1c2"", ""hdfs:746a2e37ff4ee7be97de"", ""hdfs:7deb86e453c40b03d5aa"", ""hdfs:89ee1dc1f52de1cf5770"", ""hdfs:bbeb0e7c6844b59a6994"", ""hdfs:c6dbd2337046a363b5b9"", ""hdfs:cfc3d2b05bf7ae4071b0"", ""hdfs:d27b3be4daae978af0c3"", ""hdfs:de125e1438cadba9911e"", ""hdfs:df78faeb8bf6a9ee7d14"", ""hdfs:e72013b64789fe9c627b""]"
hdfs,intfloat/multilingual-e5-base,hdfs_q017,Find FSNamesystem records that update block locations.,True,0.0,0.0,0.0,0.0,0.0,0.0,0.0,55.4514,"[""hdfs:4a21cd18e0a8ac7df4ed"", ""hdfs:06d254d6796455f2b929"", ""hdfs:87be8d7654b3c3d1a679"", ""hdfs:08b97cca7159ecdafca0"", ""hdfs:7de02e75f1645b93bb33"", ""hdfs:a531d57afb0499f09207"", ""hdfs:69c78a2db376b7737a0e"", ""hdfs:775599b7fe0553084a34"", ""hdfs:2c433a98ad1a9e4c5d6c"", ""hdfs:6fa836217cefc88acab5""]","[""hdfs:24d48b4b64d97fe1c5d5""]"
hdfs,intfloat/multilingual-e5-base,hdfs_q021,Có dấu hiệu block pipeline bị gián đoạn khi phục vụ dữ liệu không?,False,0.0,0.0,0.0,0.0,0.0,0.0,0.0,62.9778,"[""hdfs:0a12543701178861db59"", ""hdfs:2eacdb1e6a3bf7fb05f0"", ""hdfs:ff88c230176bf4a60de3"", ""hdfs:936ed03b7cb0477fa6b9"", ""hdfs:ca4991cf802089a1532d"", ""hdfs:6dd6385f8d8a09978473"", ""hdfs:a56d16d25ab440de7929"", ""hdfs:8bdbd3a0b3eb643eed3d"", ""hdfs:99f901c225d3707ec099"", ""hdfs:ea28808bed9f66bbeb0f""]","[""hdfs:04b99e42ebaf83ea9c76"", ""hdfs:0e02810dc7f11459212d"", ""hdfs:158444161bb2427e1d8f"", ""hdfs:2e52b0d6d0226ba45cfb"", ""hdfs:2f040443abfbf1c054ef"", ""hdfs:421ac358413e4e16f22a"", ""hdfs:43ebc455948587c6c0be"", ""hdfs:48c4f89f45e5031d4d59"", ""hdfs:4c72e1a9761d95f4f0db"", ""hdfs:6605d52c85e8a1fcb1c2"", ""hdfs:746a2e37ff4ee7be97de"", ""hdfs:7deb86e453c40b03d5aa"", ""hdfs:89ee1dc1f52de1cf5770"", ""hdfs:bbeb0e7c6844b59a6994"", ""hdfs:c6dbd2337046a363b5b9"", ""hdfs:cfc3d2b05bf7ae4071b0"", ""hdfs:d27b3be4daae978af0c3"", ""hdfs:de125e1438cadba9911e"", ""hdfs:df78faeb8bf6a9ee7d14"", ""hdfs:e72013b64789fe9c627b""]"
hdfs,intfloat/multilingual-e5-base,hdfs_q022,Tìm các log về block replication hoặc vị trí block được cập nhật.,True,0.0,0.0,1.0,1.0,0.2,0.05,0.25,57.1611,"[""hdfs:ca2cb088960ffc9d508a"", ""hdfs:6e66e4d3ed13383c4074"", ""hdfs:5ca966f7c350229dabb8"", ""hdfs:24d48b4b64d97fe1c5d5"", ""hdfs:188441ce5e71034e85ce"", ""hdfs:52394cbf7d4c964d4efb"", ""hdfs:a34df02cd60286e3f072"", ""hdfs:597af87481b138e74f13"", ""hdfs:d325e674a6138f73f0d8"", ""hdfs:c36e467a221ee3584bfc""]","[""hdfs:04b99e42ebaf83ea9c76"", ""hdfs:0e02810dc7f11459212d"", ""hdfs:24d48b4b64d97fe1c5d5"", ""hdfs:2e52b0d6d0226ba45cfb"", ""hdfs:2f040443abfbf1c054ef"", ""hdfs:421ac358413e4e16f22a"", ""hdfs:43ebc455948587c6c0be"", ""hdfs:48c4f89f45e5031d4d59"", ""hdfs:4c72e1a9761d95f4f0db"", ""hdfs:6605d52c85e8a1fcb1c2"", ""hdfs:746a2e37ff4ee7be97de"", ""hdfs:7deb86e453c40b03d5aa"", ""hdfs:89ee1dc1f52de1cf5770"", ""hdfs:bbeb0e7c6844b59a6994"", ""hdfs:c6dbd2337046a363b5b9"", ""hdfs:cfc3d2b05bf7ae4071b0"", ""hdfs:d27b3be4daae978af0c3"", ""hdfs:de125e1438cadba9911e"", ""hdfs:df78faeb8bf6a9ee7d14"", ""hdfs:e72013b64789fe9c627b""]"
hdfs,intfloat/multilingual-e5-base,hdfs_q023,Node nào có dấu hiệu gặp lỗi lặp lại khi phục vụ block?,True,0.0,0.0,0.0,0.0,0.0,0.0,0.0,63.245,"[""hdfs:ff88c230176bf4a60de3"", ""hdfs:bc213310687aaa215c0e"", ""hdfs:485456b185981ec43c7c"", ""hdfs:24d48b4b64d97fe1c5d5"", ""hdfs:ca2cb088960ffc9d508a"", ""hdfs:edab4243b6eaba39d9d2"", ""hdfs:96f461f272cede6bf920"", ""hdfs:fc51cf9d22b7e7ce2a66"", ""hdfs:2eacdb1e6a3bf7fb05f0"", ""hdfs:188441ce5e71034e85ce""]","[""hdfs:04b99e42ebaf83ea9c76"", ""hdfs:0e02810dc7f11459212d"", ""hdfs:158444161bb2427e1d8f"", ""hdfs:2e52b0d6d0226ba45cfb"", ""hdfs:2f040443abfbf1c054ef"", ""hdfs:421ac358413e4e16f22a"", ""hdfs:43ebc455948587c6c0be"", ""hdfs:48c4f89f45e5031d4d59"", ""hdfs:4c72e1a9761d95f4f0db"", ""hdfs:6605d52c85e8a1fcb1c2"", ""hdfs:746a2e37ff4ee7be97de"", ""hdfs:7deb86e453c40b03d5aa"", ""hdfs:89ee1dc1f52de1cf5770"", ""hdfs:bbeb0e7c6844b59a6994"", ""hdfs:c6dbd2337046a363b5b9"", ""hdfs:cfc3d2b05bf7ae4071b0"", ""hdfs:d27b3be4daae978af0c3"", ""hdfs:de125e1438cadba9911e"", ""hdfs:df78faeb8bf6a9ee7d14"", ""hdfs:e72013b64789fe9c627b""]"
hdfs,intfloat/multilingual-e5-base,hdfs_q024,Có chuỗi sự kiện nào từ nhận block đến responder kết thúc không?,True,0.0,0.0,0.0,0.0,0.0,0.0,0.0,57.2335,"[""hdfs:6c8e6e780a6cae3947cb"", ""hdfs:ca53c4b4aa966b9cfc01"", ""hdfs:593351332c51c418e3cc"", ""hdfs:f334b1e08dcf16a01338"", ""hdfs:2710bf7142523fc636ac"", ""hdfs:b46fab70de8b8dfcbf9c"", ""hdfs:7da46875bdcc6a8f9489"", ""hdfs:a76bcd5f004bccf02683"", ""hdfs:26d7a3da015dbcd0e2e5"", ""hdfs:7f8d44794736ad341c14""]","[""hdfs:04b99e42ebaf83ea9c76"", ""hdfs:0e02810dc7f11459212d"", ""hdfs:24d48b4b64d97fe1c5d5"", ""hdfs:2e52b0d6d0226ba45cfb"", ""hdfs:2f040443abfbf1c054ef"", ""hdfs:421ac358413e4e16f22a"", ""hdfs:43ebc455948587c6c0be"", ""hdfs:48c4f89f45e5031d4d59"", ""hdfs:4c72e1a9761d95f4f0db"", ""hdfs:6605d52c85e8a1fcb1c2"", ""hdfs:746a2e37ff4ee7be97de"", ""hdfs:7deb86e453c40b03d5aa"", ""hdfs:89ee1dc1f52de1cf5770"", ""hdfs:bbeb0e7c6844b59a6994"", ""hdfs:c6dbd2337046a363b5b9"", ""hdfs:cfc3d2b05bf7ae4071b0"", ""hdfs:d27b3be4daae978af0c3"", ""hdfs:de125e1438cadba9911e"", ""hdfs:df78faeb8bf6a9ee7d14"", ""hdfs:e72013b64789fe9c627b""]"
hdfs,intfloat/multilingual-e5-base,hdfs_q025,Tìm bằng chứng blockMap thay đổi quanh các block có sự cố.,True,0.0,0.0,0.0,0.0,0.0,0.0,0.0,56.7375,"[""hdfs:c36e467a221ee3584bfc"", ""hdfs:d0150db414e6cd80301d"", ""hdfs:58fd7132daf67c66c108"", ""hdfs:bb04a83a1f453577eaf1"", ""hdfs:8f6cb41e994c30f325ba"", ""hdfs:c09db2fdfb90076427c3"", ""hdfs:eeacdf29fd0507ea379b"", ""hdfs:06d254d6796455f2b929"", ""hdfs:93754d531d7f8ce719cf"", ""hdfs:97c8db69928f7af65449""]","[""hdfs:24d48b4b64d97fe1c5d5""]"
hdfs,intfloat/multilingual-e5-base,hdfs_q027,Which logs suggest HDFS block serving is unreliable?,True,0.0,0.0,0.0,0.0,0.0,0.0,0.0,64.9375,"[""hdfs:d0550143d20bad18255f"", ""hdfs:befe3bde2e444fd19003"", ""hdfs:abef3f26e61fca09248f"", ""hdfs:f7886de96094c8dbda7f"", ""hdfs:6c472936940ed1095edb"", ""hdfs:948be1ec1a7f5d6d41d2"", ""hdfs:aba16f1c96c89778639a"", ""hdfs:ffb2d030644d69abb56e"", ""hdfs:bf57da1dfb305f59c843"", ""hdfs:c1c2f68719dfd0ddbf94""]","[""hdfs:04b99e42ebaf83ea9c76"", ""hdfs:0e02810dc7f11459212d"", ""hdfs:158444161bb2427e1d8f"", ""hdfs:2e52b0d6d0226ba45cfb"", ""hdfs:2f040443abfbf1c054ef"", ""hdfs:421ac358413e4e16f22a"", ""hdfs:43ebc455948587c6c0be"", ""hdfs:48c4f89f45e5031d4d59"", ""hdfs:4c72e1a9761d95f4f0db"", ""hdfs:6605d52c85e8a1fcb1c2"", ""hdfs:746a2e37ff4ee7be97de"", ""hdfs:7deb86e453c40b03d5aa"", ""hdfs:89ee1dc1f52de1cf5770"", ""hdfs:bbeb0e7c6844b59a6994"", ""hdfs:c6dbd2337046a363b5b9"", ""hdfs:cfc3d2b05bf7ae4071b0"", ""hdfs:d27b3be4daae978af0c3"", ""hdfs:de125e1438cadba9911e"", ""hdfs:df78faeb8bf6a9ee7d14"", ""hdfs:e72013b64789fe9c627b""]"
hdfs,intfloat/multilingual-e5-base,hdfs_q028,Find evidence of repeated block movement across DataNodes.,True,1.0,1.0,1.0,1.0,0.2,0.05,1.0,54.0073,"[""hdfs:24d48b4b64d97fe1c5d5"", ""hdfs:6e66e4d3ed13383c4074"", ""hdfs:9417c0c2798d86b8add8"", ""hdfs:0f4def8fe1dda3efffd5"", ""hdfs:d325e674a6138f73f0d8"", ""hdfs:f6d6b669da0686193e41"", ""hdfs:1bb9c58e189d135aebbd"", ""hdfs:71ab89946066b9020515"", ""hdfs:ca2cb088960ffc9d508a"", ""hdfs:52394cbf7d4c964d4efb""]","[""hdfs:04b99e42ebaf83ea9c76"", ""hdfs:0e02810dc7f11459212d"", ""hdfs:24d48b4b64d97fe1c5d5"", ""hdfs:2e52b0d6d0226ba45cfb"", ""hdfs:2f040443abfbf1c054ef"", ""hdfs:421ac358413e4e16f22a"", ""hdfs:43ebc455948587c6c0be"", ""hdfs:48c4f89f45e5031d4d59"", ""hdfs:4c72e1a9761d95f4f0db"", ""hdfs:6605d52c85e8a1fcb1c2"", ""hdfs:746a2e37ff4ee7be97de"", ""hdfs:7deb86e453c40b03d5aa"", ""hdfs:89ee1dc1f52de1cf5770"", ""hdfs:bbeb0e7c6844b59a6994"", ""hdfs:c6dbd2337046a363b5b9"", ""hdfs:cfc3d2b05bf7ae4071b0"", ""hdfs:d27b3be4daae978af0c3"", ""hdfs:de125e1438cadba9911e"", ""hdfs:df78faeb8bf6a9ee7d14"", ""hdfs:e72013b64789fe9c627b""]"
hdfs,intfloat/multilingual-e5-base,hdfs_q029,"Có bất thường nào liên quan cùng lúc đến node, IP và block id không?",True,0.0,0.0,0.0,0.0,0.0,0.0,0.0,63.0837,"[""hdfs:edab4243b6eaba39d9d2"", ""hdfs:1fe144a96a699ca4330e"", ""hdfs:a1c094e0ae1432cf1643"", ""hdfs:fa93e0059166b3aa6c45"", ""hdfs:a3204f97e988cb2ba25d"", ""hdfs:b6c41565c56b30117220"", ""hdfs:3e67b1e39ab808e92491"", ""hdfs:402a2f5d36f995fbf803"", ""hdfs:dd1532d2a634e4009e29"", ""hdfs:130456b1b7fc8154d242""]","[""hdfs:04b99e42ebaf83ea9c76"", ""hdfs:0e02810dc7f11459212d"", ""hdfs:158444161bb2427e1d8f"", ""hdfs:2e52b0d6d0226ba45cfb"", ""hdfs:2f040443abfbf1c054ef"", ""hdfs:421ac358413e4e16f22a"", ""hdfs:43ebc455948587c6c0be"", ""hdfs:48c4f89f45e5031d4d59"", ""hdfs:4c72e1a9761d95f4f0db"", ""hdfs:6605d52c85e8a1fcb1c2"", ""hdfs:746a2e37ff4ee7be97de"", ""hdfs:7deb86e453c40b03d5aa"", ""hdfs:89ee1dc1f52de1cf5770"", ""hdfs:bbeb0e7c6844b59a6994"", ""hdfs:c6dbd2337046a363b5b9"", ""hdfs:cfc3d2b05bf7ae4071b0"", ""hdfs:d27b3be4daae978af0c3"", ""hdfs:de125e1438cadba9911e"", ""hdfs:df78faeb8bf6a9ee7d14"", ""hdfs:e72013b64789fe9c627b""]"
hdfs,intfloat/multilingual-e5-base,hdfs_q030,Có dấu hiệu tổng quan nào cho thấy HDFS storage layer không khỏe không?,True,0.0,0.0,0.0,0.0,0.0,0.0,0.0,59.7968,"[""hdfs:1502dd14e0c5994516c3"", ""hdfs:49dc02a2ff691c270a94"", ""hdfs:25f21c4e1c0bd70f2bfe"", ""hdfs:c0ca3233422c26d4c8f7"", ""hdfs:8276e38a4474d70c23cb"", ""hdfs:6c472936940ed1095edb"", ""hdfs:bf57da1dfb305f59c843"", ""hdfs:19445c4b60ea11d02829"", ""hdfs:f7886de96094c8dbda7f"", ""hdfs:ac601e6711242e93c027""]","[""hdfs:04b99e42ebaf83ea9c76"", ""hdfs:0e02810dc7f11459212d"", ""hdfs:24d48b4b64d97fe1c5d5"", ""hdfs:2e52b0d6d0226ba45cfb"", ""hdfs:2f040443abfbf1c054ef"", ""hdfs:421ac358413e4e16f22a"", ""hdfs:43ebc455948587c6c0be"", ""hdfs:48c4f89f45e5031d4d59"", ""hdfs:4c72e1a9761d95f4f0db"", ""hdfs:6605d52c85e8a1fcb1c2"", ""hdfs:746a2e37ff4ee7be97de"", ""hdfs:7deb86e453c40b03d5aa"", ""hdfs:89ee1dc1f52de1cf5770"", ""hdfs:bbeb0e7c6844b59a6994"", ""hdfs:c6dbd2337046a363b5b9"", ""hdfs:cfc3d2b05bf7ae4071b0"", ""hdfs:d27b3be4daae978af0c3"", ""hdfs:de125e1438cadba9911e"", ""hdfs:df78faeb8bf6a9ee7d14"", ""hdfs:e72013b64789fe9c627b""]"
hdfs,BAAI/bge-base-en-v1.5,hdfs_q001,Có lỗi nào khi DataNode phục vụ block không?,False,0.0,0.0,0.0,0.0,0.0,0.0,0.0,59.7864,"[""hdfs:24d48b4b64d97fe1c5d5"", ""hdfs:c1c2f68719dfd0ddbf94"", ""hdfs:094fd16b22625289b784"", ""hdfs:b787ec6b347a8a30c01f"", ""hdfs:d909c75d208316ee56a2"", ""hdfs:b6281ab3f7eabafd636c"", ""hdfs:a3d3a084f6170f7b09e2"", ""hdfs:179d243f565a2d40872f"", ""hdfs:eb0a42f27cb7b1e30144"", ""hdfs:0fab0ee90b08d925a7f3""]","[""hdfs:04b99e42ebaf83ea9c76"", ""hdfs:0e02810dc7f11459212d"", ""hdfs:158444161bb2427e1d8f"", ""hdfs:2e52b0d6d0226ba45cfb"", ""hdfs:2f040443abfbf1c054ef"", ""hdfs:421ac358413e4e16f22a"", ""hdfs:43ebc455948587c6c0be"", ""hdfs:48c4f89f45e5031d4d59"", ""hdfs:4c72e1a9761d95f4f0db"", ""hdfs:6605d52c85e8a1fcb1c2"", ""hdfs:746a2e37ff4ee7be97de"", ""hdfs:7deb86e453c40b03d5aa"", ""hdfs:89ee1dc1f52de1cf5770"", ""hdfs:bbeb0e7c6844b59a6994"", ""hdfs:c6dbd2337046a363b5b9"", ""hdfs:cfc3d2b05bf7ae4071b0"", ""hdfs:d27b3be4daae978af0c3"", ""hdfs:de125e1438cadba9911e"", ""hdfs:df78faeb8bf6a9ee7d14"", ""hdfs:e72013b64789fe9c627b""]"
hdfs,BAAI/bge-base-en-v1.5,hdfs_q002,Có block nào được ghi nhận hoặc cập nhật trong HDFS không?,True,0.0,0.0,0.0,0.0,0.0,0.0,0.0,74.0622,"[""hdfs:094fd16b22625289b784"", ""hdfs:a3d3a084f6170f7b09e2"", ""hdfs:e9852761c962df966b75"", ""hdfs:653b473528464d3014f8"", ""hdfs:ee732c54d9f85d195065"", ""hdfs:948be1ec1a7f5d6d41d2"", ""hdfs:6ffaafa872dfbd15f118"", ""hdfs:c1c2f68719dfd0ddbf94"", ""hdfs:b50060b9f09cc2b6e2b5"", ""hdfs:1e4546de2dbf12f1dbcf""]","[""hdfs:04b99e42ebaf83ea9c76"", ""hdfs:0e02810dc7f11459212d"", ""hdfs:24d48b4b64d97fe1c5d5"", ""hdfs:2e52b0d6d0226ba45cfb"", ""hdfs:2f040443abfbf1c054ef"", ""hdfs:421ac358413e4e16f22a"", ""hdfs:43ebc455948587c6c0be"", ""hdfs:48c4f89f45e5031d4d59"", ""hdfs:4c72e1a9761d95f4f0db"", ""hdfs:6605d52c85e8a1fcb1c2"", ""hdfs:746a2e37ff4ee7be97de"", ""hdfs:7deb86e453c40b03d5aa"", ""hdfs:89ee1dc1f52de1cf5770"", ""hdfs:bbeb0e7c6844b59a6994"", ""hdfs:c6dbd2337046a363b5b9"", ""hdfs:cfc3d2b05bf7ae4071b0"", ""hdfs:d27b3be4daae978af0c3"", ""hdfs:de125e1438cadba9911e"", ""hdfs:df78faeb8bf6a9ee7d14"", ""hdfs:e72013b64789fe9c627b""]"
hdfs,BAAI/bge-base-en-v1.5,hdfs_q003,Có node nào liên quan đến truyền dữ liệu block không?,True,1.0,1.0,1.0,1.0,0.2,0.05,1.0,56.132,"[""hdfs:24d48b4b64d97fe1c5d5"", ""hdfs:936ed03b7cb0477fa6b9"", ""hdfs:0c9e38516627718cd1ad"", ""hdfs:d40703467795ddc942a6"", ""hdfs:e9b24483885824fc8168"", ""hdfs:38a88530f5345725f77f"", ""hdfs:7a9c86240c9f0dc3b3a4"", ""hdfs:179d243f565a2d40872f"", ""hdfs:a2bed371648f3f22a5b1"", ""hdfs:9b6843a95f0a0f3a4646""]","[""hdfs:04b99e42ebaf83ea9c76"", ""hdfs:0e02810dc7f11459212d"", ""hdfs:24d48b4b64d97fe1c5d5"", ""hdfs:2e52b0d6d0226ba45cfb"", ""hdfs:2f040443abfbf1c054ef"", ""hdfs:421ac358413e4e16f22a"", ""hdfs:43ebc455948587c6c0be"", ""hdfs:48c4f89f45e5031d4d59"", ""hdfs:4c72e1a9761d95f4f0db"", ""hdfs:6605d52c85e8a1fcb1c2"", ""hdfs:746a2e37ff4ee7be97de"", ""hdfs:7deb86e453c40b03d5aa"", ""hdfs:89ee1dc1f52de1cf5770"", ""hdfs:bbeb0e7c6844b59a6994"", ""hdfs:c6dbd2337046a363b5b9"", ""hdfs:cfc3d2b05bf7ae4071b0"", ""hdfs:d27b3be4daae978af0c3"", ""hdfs:de125e1438cadba9911e"", ""hdfs:df78faeb8bf6a9ee7d14"", ""hdfs:e72013b64789fe9c627b""]"
hdfs,BAAI/bge-base-en-v1.5,hdfs_q005,Find block transfer exceptions in HDFS.,False,0.0,0.0,0.0,0.0,0.0,0.0,0.0,51.4204,"[""hdfs:d2e3f102df1539d5978f"", ""hdfs:3ec5b234d752b9c8fae2"", ""hdfs:79367180505b99b18ef6"", ""hdfs:78f9809446736099cb70"", ""hdfs:b787ec6b347a8a30c01f"", ""hdfs:9f9564ec45e6f8b1b726"", ""hdfs:693e694684135279a819"", ""hdfs:b6281ab3f7eabafd636c"", ""hdfs:ee027725972c4b295ef0"", ""hdfs:350eea917c25a1044f98""]","[""hdfs:04b99e42ebaf83ea9c76"", ""hdfs:0e02810dc7f11459212d"", ""hdfs:158444161bb2427e1d8f"", ""hdfs:2e52b0d6d0226ba45cfb"", ""hdfs:2f040443abfbf1c054ef"", ""hdfs:421ac358413e4e16f22a"", ""hdfs:43ebc455948587c6c0be"", ""hdfs:48c4f89f45e5031d4d59"", ""hdfs:4c72e1a9761d95f4f0db"", ""hdfs:6605d52c85e8a1fcb1c2"", ""hdfs:746a2e37ff4ee7be97de"", ""hdfs:7deb86e453c40b03d5aa"", ""hdfs:89ee1dc1f52de1cf5770"", ""hdfs:bbeb0e7c6844b59a6994"", ""hdfs:c6dbd2337046a363b5b9"", ""hdfs:cfc3d2b05bf7ae4071b0"", ""hdfs:d27b3be4daae978af0c3"", ""hdfs:de125e1438cadba9911e"", ""hdfs:df78faeb8bf6a9ee7d14"", ""hdfs:e72013b64789fe9c627b""]"
hdfs,BAAI/bge-base-en-v1.5,hdfs_q006,Are there block metadata updates in NameNode logs?,True,0.0,0.0,0.0,0.0,0.0,0.0,0.0,53.4392,"[""hdfs:1ffc9fc67b7f3d04cff7"", ""hdfs:f4a9eb1f81ed15a9167e"", ""hdfs:d0492ed73cfb77d26ae6"", ""hdfs:81651baf4fbe5ff86c49"", ""hdfs:28dca6bbe84226f0e52d"", ""hdfs:45fe1bd0d80e2d78b32e"", ""hdfs:20e56d29ba35570b293a"", ""hdfs:02431f7a6474468408a6"", ""hdfs:a304c110d3ec362f0bc0"", ""hdfs:65701b8d6d92ffb0725b""]","[""hdfs:04b99e42ebaf83ea9c76"", ""hdfs:0e02810dc7f11459212d"", ""hdfs:24d48b4b64d97fe1c5d5"", ""hdfs:2e52b0d6d0226ba45cfb"", ""hdfs:2f040443abfbf1c054ef"", ""hdfs:421ac358413e4e16f22a"", ""hdfs:43ebc455948587c6c0be"", ""hdfs:48c4f89f45e5031d4d59"", ""hdfs:4c72e1a9761d95f4f0db"", ""hdfs:6605d52c85e8a1fcb1c2"", ""hdfs:746a2e37ff4ee7be97de"", ""hdfs:7deb86e453c40b03d5aa"", ""hdfs:89ee1dc1f52de1cf5770"", ""hdfs:bbeb0e7c6844b59a6994"", ""hdfs:c6dbd2337046a363b5b9"", ""hdfs:cfc3d2b05bf7ae4071b0"", ""hdfs:d27b3be4daae978af0c3"", ""hdfs:de125e1438cadba9911e"", ""hdfs:df78faeb8bf6a9ee7d14"", ""hdfs:e72013b64789fe9c627b""]"
hdfs,BAAI/bge-base-en-v1.5,hdfs_q007,Tìm exception khi DataXceiver gửi block cho client hoặc node khác.,True,0.0,0.0,0.0,0.0,0.0,0.0,0.0,57.2612,"[""hdfs:1f282ce134a227941de8"", ""hdfs:532c93d3257d1eacc5e0"", ""hdfs:4350215f666d8fe1e3e2"", ""hdfs:1888b4af64c2fb18b719"", ""hdfs:812a8161d4ddb1aff9d4"", ""hdfs:dc0278e58d1b817faff5"", ""hdfs:b9e3df3482c3926310bd"", ""hdfs:4f6fa80390f0a4505086"", ""hdfs:e19f9c79d23922f86351"", ""hdfs:52dbabfd9dca8651f0fe""]","[""hdfs:04b99e42ebaf83ea9c76"", ""hdfs:0e02810dc7f11459212d"", ""hdfs:158444161bb2427e1d8f"", ""hdfs:2e52b0d6d0226ba45cfb"", ""hdfs:2f040443abfbf1c054ef"", ""hdfs:421ac358413e4e16f22a"", ""hdfs:43ebc455948587c6c0be"", ""hdfs:48c4f89f45e5031d4d59"", ""hdfs:4c72e1a9761d95f4f0db"", ""hdfs:6605d52c85e8a1fcb1c2"", ""hdfs:746a2e37ff4ee7be97de"", ""hdfs:7deb86e453c40b03d5aa"", ""hdfs:89ee1dc1f52de1cf5770"", ""hdfs:bbeb0e7c6844b59a6994"", ""hdfs:c6dbd2337046a363b5b9"", ""hdfs:cfc3d2b05bf7ae4071b0"", ""hdfs:d27b3be4daae978af0c3"", ""hdfs:de125e1438cadba9911e"", ""hdfs:df78faeb8bf6a9ee7d14"", ""hdfs:e72013b64789fe9c627b""]"
hdfs,BAAI/bge-base-en-v1.5,hdfs_q008,Có block nào được DataNode nhận hoặc phục vụ không?,True,0.0,0.0,0.0,0.0,0.0,0.0,0.0,56.5951,"[""hdfs:24d48b4b64d97fe1c5d5"", ""hdfs:094fd16b22625289b784"", ""hdfs:c1c2f68719dfd0ddbf94"", ""hdfs:a3d3a084f6170f7b09e2"", ""hdfs:b787ec6b347a8a30c01f"", ""hdfs:3d5064c38f345d492692"", ""hdfs:948be1ec1a7f5d6d41d2"", ""hdfs:a116a85e88c596af9fb7"", ""hdfs:653b473528464d3014f8"", ""hdfs:d909c75d208316ee56a2""]","[""hdfs:04b99e42ebaf83ea9c76"", ""hdfs:0e02810dc7f11459212d"", ""hdfs:158444161bb2427e1d8f"", ""hdfs:2e52b0d6d0226ba45cfb"", ""hdfs:2f040443abfbf1c054ef"", ""hdfs:421ac358413e4e16f22a"", ""hdfs:43ebc455948587c6c0be"", ""hdfs:48c4f89f45e5031d4d59"", ""hdfs:4c72e1a9761d95f4f0db"", ""hdfs:6605d52c85e8a1fcb1c2"", ""hdfs:746a2e37ff4ee7be97de"", ""hdfs:7deb86e453c40b03d5aa"", ""hdfs:89ee1dc1f52de1cf5770"", ""hdfs:bbeb0e7c6844b59a6994"", ""hdfs:c6dbd2337046a363b5b9"", ""hdfs:cfc3d2b05bf7ae4071b0"", ""hdfs:d27b3be4daae978af0c3"", ""hdfs:de125e1438cadba9911e"", ""hdfs:df78faeb8bf6a9ee7d14"", ""hdfs:e72013b64789fe9c627b""]"
hdfs,BAAI/bge-base-en-v1.5,hdfs_q010,Tìm cập nhật blockMap từ FSNamesystem.,True,0.0,0.0,0.0,0.0,0.0,0.0,0.0,63.6404,"[""hdfs:b6c3a4ad50f2f7dedbde"", ""hdfs:56220649704c5634f24c"", ""hdfs:1f7215733e65852aae67"", ""hdfs:81cfdac8d73e9b731a3c"", ""hdfs:e6ffce0fb950f8999ba5"", ""hdfs:929bc5e68604735e14ae"", ""hdfs:648131c1926338fa3f83"", ""hdfs:c1c0bc7376d7ef1d4964"", ""hdfs:fc789552707d84f20c8a"", ""hdfs:8b63eaef3c6f494c2b40""]","[""hdfs:24d48b4b64d97fe1c5d5""]"
hdfs,BAAI/bge-base-en-v1.5,hdfs_q011,Có block nào được allocate cho file tạm trong HDFS không?,True,0.0,0.0,0.0,0.0,0.0,0.0,0.0,61.1153,"[""hdfs:bf57da1dfb305f59c843"", ""hdfs:8276e38a4474d70c23cb"", ""hdfs:9a6363cbe1750009df19"", ""hdfs:2ddf7fb3a7d80a21cde8"", ""hdfs:45a607d2099ff6fefcc2"", ""hdfs:ac90bef936553be45b6c"", ""hdfs:515f7453715baeb0cf00"", ""hdfs:6ffaafa872dfbd15f118"", ""hdfs:094fd16b22625289b784"", ""hdfs:08157972b35aaa5292af""]","[""hdfs:24d48b4b64d97fe1c5d5""]"
hdfs,BAAI/bge-base-en-v1.5,hdfs_q012,Tìm các cảnh báo WARN liên quan đến block serving.,False,0.0,0.0,0.0,0.0,0.0,0.0,0.0,58.173,"[""hdfs:0c9e38516627718cd1ad"", ""hdfs:b05aa7e0b5cd43e13980"", ""hdfs:c49238fa5d69340ceb52"", ""hdfs:e729ecbb9d2222cb09a1"", ""hdfs:0f4def8fe1dda3efffd5"", ""hdfs:52394cbf7d4c964d4efb"", ""hdfs:30bc79036ef1d37252b3"", ""hdfs:eecad24f0bf083fe8a32"", ""hdfs:ca37ac13f398a4ba27d8"", ""hdfs:c050e9989204c80cee60""]","[""hdfs:04b99e42ebaf83ea9c76"", ""hdfs:0e02810dc7f11459212d"", ""hdfs:158444161bb2427e1d8f"", ""hdfs:2e52b0d6d0226ba45cfb"", ""hdfs:2f040443abfbf1c054ef"", ""hdfs:421ac358413e4e16f22a"", ""hdfs:43ebc455948587c6c0be"", ""hdfs:48c4f89f45e5031d4d59"", ""hdfs:4c72e1a9761d95f4f0db"", ""hdfs:6605d52c85e8a1fcb1c2"", ""hdfs:746a2e37ff4ee7be97de"", ""hdfs:7deb86e453c40b03d5aa"", ""hdfs:89ee1dc1f52de1cf5770"", ""hdfs:bbeb0e7c6844b59a6994"", ""hdfs:c6dbd2337046a363b5b9"", ""hdfs:cfc3d2b05bf7ae4071b0"", ""hdfs:d27b3be4daae978af0c3"", ""hdfs:de125e1438cadba9911e"", ""hdfs:df78faeb8bf6a9ee7d14"", ""hdfs:e72013b64789fe9c627b""]"
hdfs,BAAI/bge-base-en-v1.5,hdfs_q015,Có node hoặc địa chỉ nào xuất hiện khi block transfer gặp sự cố không?,True,0.0,0.0,0.0,0.0,0.0,0.0,0.0,84.1058,"[""hdfs:7a9c86240c9f0dc3b3a4"", ""hdfs:0fab0ee90b08d925a7f3"", ""hdfs:179d243f565a2d40872f"", ""hdfs:4dd89e26566026d7e9f7"", ""hdfs:df05fecdc08468ed1539"", ""hdfs:38a88530f5345725f77f"", ""hdfs:f82d645192df3186b60d"", ""hdfs:1bb9c58e189d135aebbd"", ""hdfs:d40703467795ddc942a6"", ""hdfs:b6df6dd6ec1ef5d0e57a""]","[""hdfs:04b99e42ebaf83ea9c76"", ""hdfs:0e02810dc7f11459212d"", ""hdfs:158444161bb2427e1d8f"", ""hdfs:2e52b0d6d0226ba45cfb"", ""hdfs:2f040443abfbf1c054ef"", ""hdfs:421ac358413e4e16f22a"", ""hdfs:43ebc455948587c6c0be"", ""hdfs:48c4f89f45e5031d4d59"", ""hdfs:4c72e1a9761d95f4f0db"", ""hdfs:6605d52c85e8a1fcb1c2"", ""hdfs:746a2e37ff4ee7be97de"", ""hdfs:7deb86e453c40b03d5aa"", ""hdfs:89ee1dc1f52de1cf5770"", ""hdfs:bbeb0e7c6844b59a6994"", ""hdfs:c6dbd2337046a363b5b9"", ""hdfs:cfc3d2b05bf7ae4071b0"", ""hdfs:d27b3be4daae978af0c3"", ""hdfs:de125e1438cadba9911e"", ""hdfs:df78faeb8bf6a9ee7d14"", ""hdfs:e72013b64789fe9c627b""]"
hdfs,BAAI/bge-base-en-v1.5,hdfs_q016,Find DataXceiver warnings while serving blocks.,False,0.0,0.0,0.0,0.0,0.0,0.0,0.0,94.3079,"[""hdfs:0c9e38516627718cd1ad"", ""hdfs:a2bed371648f3f22a5b1"", ""hdfs:9b6843a95f0a0f3a4646"", ""hdfs:8bdbd3a0b3eb643eed3d"", ""hdfs:2abf03b44e741e410e16"", ""hdfs:936ed03b7cb0477fa6b9"", ""hdfs:10022fb4ce4ed1d01613"", ""hdfs:bd4f6c0bb00518eb5c1c"", ""hdfs:96a6efce6bda722683c7"", ""hdfs:c46fff1caa55b3a4baaf""]","[""hdfs:04b99e42ebaf83ea9c76"", ""hdfs:0e02810dc7f11459212d"", ""hdfs:158444161bb2427e1d8f"", ""hdfs:2e52b0d6d0226ba45cfb"", ""hdfs:2f040443abfbf1c054ef"", ""hdfs:421ac358413e4e16f22a"", ""hdfs:43ebc455948587c6c0be"", ""hdfs:48c4f89f45e5031d4d59"", ""hdfs:4c72e1a9761d95f4f0db"", ""hdfs:6605d52c85e8a1fcb1c2"", ""hdfs:746a2e37ff4ee7be97de"", ""hdfs:7deb86e453c40b03d5aa"", ""hdfs:89ee1dc1f52de1cf5770"", ""hdfs:bbeb0e7c6844b59a6994"", ""hdfs:c6dbd2337046a363b5b9"", ""hdfs:cfc3d2b05bf7ae4071b0"", ""hdfs:d27b3be4daae978af0c3"", ""hdfs:de125e1438cadba9911e"", ""hdfs:df78faeb8bf6a9ee7d14"", ""hdfs:e72013b64789fe9c627b""]"
hdfs,BAAI/bge-base-en-v1.5,hdfs_q017,Find FSNamesystem records that update block locations.,True,0.0,0.0,0.0,0.0,0.0,0.0,0.0,89.185,"[""hdfs:20e56d29ba35570b293a"", ""hdfs:02431f7a6474468408a6"", ""hdfs:81651baf4fbe5ff86c49"", ""hdfs:3bcc03f839567a555abb"", ""hdfs:a5d87e18735efc805624"", ""hdfs:775599b7fe0553084a34"", ""hdfs:2288ab03763eae3b6c27"", ""hdfs:93754d531d7f8ce719cf"", ""hdfs:696539b6b6f465c787fe"", ""hdfs:26c504386f0be95052d2""]","[""hdfs:24d48b4b64d97fe1c5d5""]"
hdfs,BAAI/bge-base-en-v1.5,hdfs_q021,Có dấu hiệu block pipeline bị gián đoạn khi phục vụ dữ liệu không?,False,0.0,0.0,0.0,0.0,0.0,0.0,0.0,108.2949,"[""hdfs:094fd16b22625289b784"", ""hdfs:c1c2f68719dfd0ddbf94"", ""hdfs:a3d3a084f6170f7b09e2"", ""hdfs:a116a85e88c596af9fb7"", ""hdfs:5ba2a742067e620ed086"", ""hdfs:ee9dcc3d96c5c2fbc397"", ""hdfs:3d5064c38f345d492692"", ""hdfs:653b473528464d3014f8"", ""hdfs:83deae0b31eb6a0b69fd"", ""hdfs:71396fbefca2d242c854""]","[""hdfs:04b99e42ebaf83ea9c76"", ""hdfs:0e02810dc7f11459212d"", ""hdfs:158444161bb2427e1d8f"", ""hdfs:2e52b0d6d0226ba45cfb"", ""hdfs:2f040443abfbf1c054ef"", ""hdfs:421ac358413e4e16f22a"", ""hdfs:43ebc455948587c6c0be"", ""hdfs:48c4f89f45e5031d4d59"", ""hdfs:4c72e1a9761d95f4f0db"", ""hdfs:6605d52c85e8a1fcb1c2"", ""hdfs:746a2e37ff4ee7be97de"", ""hdfs:7deb86e453c40b03d5aa"", ""hdfs:89ee1dc1f52de1cf5770"", ""hdfs:bbeb0e7c6844b59a6994"", ""hdfs:c6dbd2337046a363b5b9"", ""hdfs:cfc3d2b05bf7ae4071b0"", ""hdfs:d27b3be4daae978af0c3"", ""hdfs:de125e1438cadba9911e"", ""hdfs:df78faeb8bf6a9ee7d14"", ""hdfs:e72013b64789fe9c627b""]"
hdfs,BAAI/bge-base-en-v1.5,hdfs_q022,Tìm các log về block replication hoặc vị trí block được cập nhật.,True,1.0,1.0,1.0,1.0,0.2,0.05,1.0,78.2104,"[""hdfs:24d48b4b64d97fe1c5d5"", ""hdfs:0c9e38516627718cd1ad"", ""hdfs:e9b24483885824fc8168"", ""hdfs:936ed03b7cb0477fa6b9"", ""hdfs:52394cbf7d4c964d4efb"", ""hdfs:0f4def8fe1dda3efffd5"", ""hdfs:c15ea7bbc0cdbfe11f17"", ""hdfs:30bc79036ef1d37252b3"", ""hdfs:b05aa7e0b5cd43e13980"", ""hdfs:c050e9989204c80cee60""]","[""hdfs:04b99e42ebaf83ea9c76"", ""hdfs:0e02810dc7f11459212d"", ""hdfs:24d48b4b64d97fe1c5d5"", ""hdfs:2e52b0d6d0226ba45cfb"", ""hdfs:2f040443abfbf1c054ef"", ""hdfs:421ac358413e4e16f22a"", ""hdfs:43ebc455948587c6c0be"", ""hdfs:48c4f89f45e5031d4d59"", ""hdfs:4c72e1a9761d95f4f0db"", ""hdfs:6605d52c85e8a1fcb1c2"", ""hdfs:746a2e37ff4ee7be97de"", ""hdfs:7deb86e453c40b03d5aa"", ""hdfs:89ee1dc1f52de1cf5770"", ""hdfs:bbeb0e7c6844b59a6994"", ""hdfs:c6dbd2337046a363b5b9"", ""hdfs:cfc3d2b05bf7ae4071b0"", ""hdfs:d27b3be4daae978af0c3"", ""hdfs:de125e1438cadba9911e"", ""hdfs:df78faeb8bf6a9ee7d14"", ""hdfs:e72013b64789fe9c627b""]"
hdfs,BAAI/bge-base-en-v1.5,hdfs_q023,Node nào có dấu hiệu gặp lỗi lặp lại khi phục vụ block?,True,0.0,0.0,0.0,0.0,0.0,0.0,0.0,77.3499,"[""hdfs:24d48b4b64d97fe1c5d5"", ""hdfs:179d243f565a2d40872f"", ""hdfs:38a88530f5345725f77f"", ""hdfs:0fab0ee90b08d925a7f3"", ""hdfs:d40703467795ddc942a6"", ""hdfs:4dd89e26566026d7e9f7"", ""hdfs:b51e58efc4b54f38c2ac"", ""hdfs:df05fecdc08468ed1539"", ""hdfs:3c731f31d3f9b498ef8a"", ""hdfs:c5a2ca3c28d15744bc97""]","[""hdfs:04b99e42ebaf83ea9c76"", ""hdfs:0e02810dc7f11459212d"", ""hdfs:158444161bb2427e1d8f"", ""hdfs:2e52b0d6d0226ba45cfb"", ""hdfs:2f040443abfbf1c054ef"", ""hdfs:421ac358413e4e16f22a"", ""hdfs:43ebc455948587c6c0be"", ""hdfs:48c4f89f45e5031d4d59"", ""hdfs:4c72e1a9761d95f4f0db"", ""hdfs:6605d52c85e8a1fcb1c2"", ""hdfs:746a2e37ff4ee7be97de"", ""hdfs:7deb86e453c40b03d5aa"", ""hdfs:89ee1dc1f52de1cf5770"", ""hdfs:bbeb0e7c6844b59a6994"", ""hdfs:c6dbd2337046a363b5b9"", ""hdfs:cfc3d2b05bf7ae4071b0"", ""hdfs:d27b3be4daae978af0c3"", ""hdfs:de125e1438cadba9911e"", ""hdfs:df78faeb8bf6a9ee7d14"", ""hdfs:e72013b64789fe9c627b""]"
hdfs,BAAI/bge-base-en-v1.5,hdfs_q024,Có chuỗi sự kiện nào từ nhận block đến responder kết thúc không?,True,0.0,0.0,0.0,0.0,0.0,0.0,0.0,71.1099,"[""hdfs:544e6a16f556b60e4617"", ""hdfs:e0a1c6475b813acb1444"", ""hdfs:ef6aa5820809192fdf4e"", ""hdfs:4ead2836365363b820ad"", ""hdfs:f2a7a839d7597ab61bda"", ""hdfs:6f5ae51364e357a727fe"", ""hdfs:a4d539c2a077af896b55"", ""hdfs:319ea57036b163d20d4f"", ""hdfs:dc0278e58d1b817faff5"", ""hdfs:5759afd800d043cb326d""]","[""hdfs:04b99e42ebaf83ea9c76"", ""hdfs:0e02810dc7f11459212d"", ""hdfs:24d48b4b64d97fe1c5d5"", ""hdfs:2e52b0d6d0226ba45cfb"", ""hdfs:2f040443abfbf1c054ef"", ""hdfs:421ac358413e4e16f22a"", ""hdfs:43ebc455948587c6c0be"", ""hdfs:48c4f89f45e5031d4d59"", ""hdfs:4c72e1a9761d95f4f0db"", ""hdfs:6605d52c85e8a1fcb1c2"", ""hdfs:746a2e37ff4ee7be97de"", ""hdfs:7deb86e453c40b03d5aa"", ""hdfs:89ee1dc1f52de1cf5770"", ""hdfs:bbeb0e7c6844b59a6994"", ""hdfs:c6dbd2337046a363b5b9"", ""hdfs:cfc3d2b05bf7ae4071b0"", ""hdfs:d27b3be4daae978af0c3"", ""hdfs:de125e1438cadba9911e"", ""hdfs:df78faeb8bf6a9ee7d14"", ""hdfs:e72013b64789fe9c627b""]"
hdfs,BAAI/bge-base-en-v1.5,hdfs_q025,Tìm bằng chứng blockMap thay đổi quanh các block có sự cố.,True,0.0,0.0,0.0,0.0,0.0,0.0,0.0,68.9057,"[""hdfs:c8560d0e56a0d59e47cb"", ""hdfs:44c6dde500da2be0a7fe"", ""hdfs:b67e6b317a4170ed9d29"", ""hdfs:0962cc910f00a92b0727"", ""hdfs:fc9cc17b6b0110a7b1c7"", ""hdfs:81cfdac8d73e9b731a3c"", ""hdfs:62611f94206a4334a81a"", ""hdfs:b0dd6c1bbe96d8288524"", ""hdfs:e6ffce0fb950f8999ba5"", ""hdfs:1f7215733e65852aae67""]","[""hdfs:24d48b4b64d97fe1c5d5""]"
hdfs,BAAI/bge-base-en-v1.5,hdfs_q027,Which logs suggest HDFS block serving is unreliable?,True,0.0,0.0,0.0,0.0,0.0,0.0,0.0,48.3981,"[""hdfs:3ec5b234d752b9c8fae2"", ""hdfs:ffb2d030644d69abb56e"", ""hdfs:45a2b4de22c129dc2bdc"", ""hdfs:9b7450181fea2ad7b039"", ""hdfs:71396fbefca2d242c854"", ""hdfs:6c472936940ed1095edb"", ""hdfs:ac90bef936553be45b6c"", ""hdfs:c1c2f68719dfd0ddbf94"", ""hdfs:d2e3f102df1539d5978f"", ""hdfs:c49024bf844f790fd381""]","[""hdfs:04b99e42ebaf83ea9c76"", ""hdfs:0e02810dc7f11459212d"", ""hdfs:158444161bb2427e1d8f"", ""hdfs:2e52b0d6d0226ba45cfb"", ""hdfs:2f040443abfbf1c054ef"", ""hdfs:421ac358413e4e16f22a"", ""hdfs:43ebc455948587c6c0be"", ""hdfs:48c4f89f45e5031d4d59"", ""hdfs:4c72e1a9761d95f4f0db"", ""hdfs:6605d52c85e8a1fcb1c2"", ""hdfs:746a2e37ff4ee7be97de"", ""hdfs:7deb86e453c40b03d5aa"", ""hdfs:89ee1dc1f52de1cf5770"", ""hdfs:bbeb0e7c6844b59a6994"", ""hdfs:c6dbd2337046a363b5b9"", ""hdfs:cfc3d2b05bf7ae4071b0"", ""hdfs:d27b3be4daae978af0c3"", ""hdfs:de125e1438cadba9911e"", ""hdfs:df78faeb8bf6a9ee7d14"", ""hdfs:e72013b64789fe9c627b""]"
hdfs,BAAI/bge-base-en-v1.5,hdfs_q028,Find evidence of repeated block movement across DataNodes.,True,1.0,1.0,1.0,1.0,0.2,0.05,1.0,57.6115,"[""hdfs:24d48b4b64d97fe1c5d5"", ""hdfs:b6281ab3f7eabafd636c"", ""hdfs:b787ec6b347a8a30c01f"", ""hdfs:9f9564ec45e6f8b1b726"", ""hdfs:fac437a90e606b8d5e0e"", ""hdfs:d2e3f102df1539d5978f"", ""hdfs:5b1e9a776beed08242b8"", ""hdfs:c77f92cbd0d00468899e"", ""hdfs:ab9502d3762abe9b27d1"", ""hdfs:e0ffb6a6d1add47ed57f""]","[""hdfs:04b99e42ebaf83ea9c76"", ""hdfs:0e02810dc7f11459212d"", ""hdfs:24d48b4b64d97fe1c5d5"", ""hdfs:2e52b0d6d0226ba45cfb"", ""hdfs:2f040443abfbf1c054ef"", ""hdfs:421ac358413e4e16f22a"", ""hdfs:43ebc455948587c6c0be"", ""hdfs:48c4f89f45e5031d4d59"", ""hdfs:4c72e1a9761d95f4f0db"", ""hdfs:6605d52c85e8a1fcb1c2"", ""hdfs:746a2e37ff4ee7be97de"", ""hdfs:7deb86e453c40b03d5aa"", ""hdfs:89ee1dc1f52de1cf5770"", ""hdfs:bbeb0e7c6844b59a6994"", ""hdfs:c6dbd2337046a363b5b9"", ""hdfs:cfc3d2b05bf7ae4071b0"", ""hdfs:d27b3be4daae978af0c3"", ""hdfs:de125e1438cadba9911e"", ""hdfs:df78faeb8bf6a9ee7d14"", ""hdfs:e72013b64789fe9c627b""]"
hdfs,BAAI/bge-base-en-v1.5,hdfs_q029,"Có bất thường nào liên quan cùng lúc đến node, IP và block id không?",True,0.0,0.0,0.0,0.0,0.0,0.0,0.0,62.4235,"[""hdfs:24d48b4b64d97fe1c5d5"", ""hdfs:c15ea7bbc0cdbfe11f17"", ""hdfs:96a6efce6bda722683c7"", ""hdfs:0c9e38516627718cd1ad"", ""hdfs:c46fff1caa55b3a4baaf"", ""hdfs:10022fb4ce4ed1d01613"", ""hdfs:90124a587b4b252d14ce"", ""hdfs:936ed03b7cb0477fa6b9"", ""hdfs:df05fecdc08468ed1539"", ""hdfs:410de92d704abec2ca00""]","[""hdfs:04b99e42ebaf83ea9c76"", ""hdfs:0e02810dc7f11459212d"", ""hdfs:158444161bb2427e1d8f"", ""hdfs:2e52b0d6d0226ba45cfb"", ""hdfs:2f040443abfbf1c054ef"", ""hdfs:421ac358413e4e16f22a"", ""hdfs:43ebc455948587c6c0be"", ""hdfs:48c4f89f45e5031d4d59"", ""hdfs:4c72e1a9761d95f4f0db"", ""hdfs:6605d52c85e8a1fcb1c2"", ""hdfs:746a2e37ff4ee7be97de"", ""hdfs:7deb86e453c40b03d5aa"", ""hdfs:89ee1dc1f52de1cf5770"", ""hdfs:bbeb0e7c6844b59a6994"", ""hdfs:c6dbd2337046a363b5b9"", ""hdfs:cfc3d2b05bf7ae4071b0"", ""hdfs:d27b3be4daae978af0c3"", ""hdfs:de125e1438cadba9911e"", ""hdfs:df78faeb8bf6a9ee7d14"", ""hdfs:e72013b64789fe9c627b""]"
hdfs,BAAI/bge-base-en-v1.5,hdfs_q030,Có dấu hiệu tổng quan nào cho thấy HDFS storage layer không khỏe không?,True,0.0,0.0,0.0,0.0,0.0,0.0,0.0,59.644,"[""hdfs:094fd16b22625289b784"", ""hdfs:c9e0ad76381f9f97cd46"", ""hdfs:a3d3a084f6170f7b09e2"", ""hdfs:ee732c54d9f85d195065"", ""hdfs:c77f92cbd0d00468899e"", ""hdfs:2660cd8d866b808fd61f"", ""hdfs:599e18dd4750b0a4c5a4"", ""hdfs:1e4546de2dbf12f1dbcf"", ""hdfs:f360e4841bf66add3266"", ""hdfs:fac437a90e606b8d5e0e""]","[""hdfs:04b99e42ebaf83ea9c76"", ""hdfs:0e02810dc7f11459212d"", ""hdfs:24d48b4b64d97fe1c5d5"", ""hdfs:2e52b0d6d0226ba45cfb"", ""hdfs:2f040443abfbf1c054ef"", ""hdfs:421ac358413e4e16f22a"", ""hdfs:43ebc455948587c6c0be"", ""hdfs:48c4f89f45e5031d4d59"", ""hdfs:4c72e1a9761d95f4f0db"", ""hdfs:6605d52c85e8a1fcb1c2"", ""hdfs:746a2e37ff4ee7be97de"", ""hdfs:7deb86e453c40b03d5aa"", ""hdfs:89ee1dc1f52de1cf5770"", ""hdfs:bbeb0e7c6844b59a6994"", ""hdfs:c6dbd2337046a363b5b9"", ""hdfs:cfc3d2b05bf7ae4071b0"", ""hdfs:d27b3be4daae978af0c3"", ""hdfs:de125e1438cadba9911e"", ""hdfs:df78faeb8bf6a9ee7d14"", ""hdfs:e72013b64789fe9c627b""]"
